Date,County,State,Vehicle Primary Use,Battery Electric Vehicles (BEVs),Plug-In Hybrid Electric Vehicles (PHEVs),Electric Vehicle (EV) Total,Non-Electric Vehicle Total,Total Vehicles,Percent Electric Vehicles,year,month,numeric_date,county_encoded,months_since_start,ev_total_lag1,ev_total_lag2,ev_total_lag3,ev_total_roll_mean_3,ev_total_pct_change_1,ev_total_pct_change_3,cumulative_ev,ev_growth_slope
2018-05-31,Ada,ID,Passenger,0.0,2.0,2.0,341.0,343.0,0.58,2018,5,24221,0,5,2.0,2.0,2.0,2.0,0.0,0.0,10.0,1.8571428571428572
2018-06-30,Ada,ID,Passenger,0.0,2.0,2.0,332.0,334.0,0.6,2018,6,24222,0,6,2.0,2.0,2.0,2.0,0.0,0.0,12.0,2.0000000000000004
2018-07-31,Ada,ID,Passenger,0.0,2.0,2.0,329.0,331.0,0.6,2018,7,24223,0,7,2.0,2.0,2.0,2.0,0.0,0.0,14.0,2.0
2018-08-31,Ada,ID,Passenger,0.0,2.0,2.0,325.0,327.0,0.61,2018,8,24224,0,8,2.0,2.0,2.0,2.0,0.0,0.0,16.0,2.0
2018-09-30,Ada,ID,Passenger,0.0,2.0,2.0,327.0,329.0,0.61,2018,9,24225,0,9,2.0,2.0,2.0,2.0,0.0,0.0,18.0,2.0000000000000004
2018-10-31,Ada,ID,Passenger,0.0,2.0,2.0,326.0,328.0,0.61,2018,10,24226,0,10,2.0,2.0,2.0,2.0,0.0,0.0,20.0,1.9999999999999996
2018-11-30,Ada,ID,Passenger,0.0,2.0,2.0,325.0,327.0,0.61,2018,11,24227,0,11,2.0,2.0,2.0,2.0,0.0,0.0,22.0,2.0
2018-12-31,Ada,ID,Passenger,0.0,2.0,2.0,324.0,326.0,0.61,2018,12,24228,0,12,2.0,2.0,2.0,2.0,0.0,0.0,24.0,1.9999999999999996
2019-01-31,Ada,ID,Passenger,0.0,2.0,2.0,322.0,324.0,0.62,2019,1,24229,0,13,2.0,2.0,2.0,2.0,0.0,0.0,26.0,2.0
2019-02-28,Ada,ID,Passenger,0.0,2.0,2.0,320.0,322.0,0.62,2019,2,24230,0,14,2.0,2.0,2.0,2.0,0.0,0.0,28.0,1.9999999999999984
2019-03-31,Ada,ID,Passenger,0.0,2.0,2.0,321.0,323.0,0.62,2019,3,24231,0,15,2.0,2.0,2.0,2.0,0.0,0.0,30.0,1.9999999999999991
2019-04-30,Ada,ID,Passenger,0.0,2.0,2.0,322.0,324.0,0.62,2019,4,24232,0,16,2.0,2.0,2.0,2.0,0.0,0.0,32.0,1.999999999999998
2019-05-31,Ada,ID,Passenger,0.0,2.0,2.0,323.0,325.0,0.62,2019,5,24233,0,17,2.0,2.0,2.0,2.0,0.0,0.0,34.0,1.999999999999996
2019-06-30,Ada,ID,Passenger,0.0,2.0,2.0,321.0,323.0,0.62,2019,6,24234,0,18,2.0,2.0,2.0,2.0,0.0,0.0,36.0,1.9999999999999996
2019-07-31,Ada,ID,Passenger,0.0,2.0,2.0,319.0,321.0,0.62,2019,7,24235,0,19,2.0,2.0,2.0,2.0,0.0,0.0,38.0,1.9999999999999964
2019-08-31,Ada,ID,Passenger,0.0,2.0,2.0,318.0,320.0,0.62,2019,8,24236,0,20,2.0,2.0,2.0,2.0,0.0,0.0,40.0,1.999999999999996
2019-09-30,Ada,ID,Passenger,0.0,2.0,2.0,315.0,317.0,0.63,2019,9,24237,0,21,2.0,2.0,2.0,2.0,0.0,0.0,42.0,1.999999999999998
2019-10-31,Ada,ID,Passenger,0.0,2.0,2.0,312.0,314.0,0.64,2019,10,24238,0,22,2.0,2.0,2.0,2.0,0.0,0.0,44.0,1.999999999999996
2019-11-30,Ada,ID,Passenger,0.0,1.0,1.0,306.0,307.0,0.33,2019,11,24239,0,23,2.0,2.0,2.0,2.0,-0.5,-0.5,45.0,1.8571428571428543
2019-12-31,Ada,ID,Passenger,0.0,1.0,1.0,302.0,303.0,0.33,2019,12,24240,0,24,1.0,2.0,2.0,1.6666666666666667,0.0,-0.5,46.0,1.628571428571426
2020-01-31,Ada,ID,Passenger,0.0,1.0,1.0,299.0,300.0,0.33,2020,1,24241,0,25,1.0,1.0,2.0,1.3333333333333333,0.0,-0.5,47.0,1.3714285714285663
2020-02-29,Ada,ID,Passenger,0.0,1.0,1.0,301.0,302.0,0.33,2020,2,24242,0,26,1.0,1.0,1.0,1.0,0.0,0.0,48.0,1.1428571428571386
2020-03-31,Ada,ID,Passenger,0.0,1.0,1.0,301.0,302.0,0.33,2020,3,24243,0,27,1.0,1.0,1.0,1.0,0.0,0.0,49.0,0.9999999999999958
2020-04-30,Ada,ID,Passenger,0.0,1.0,1.0,297.0,298.0,0.34,2020,4,24244,0,28,1.0,1.0,1.0,1.0,0.0,0.0,50.0,0.9999999999999944
2020-05-31,Ada,ID,Passenger,0.0,1.0,1.0,288.0,289.0,0.35,2020,5,24245,0,29,1.0,1.0,1.0,1.0,0.0,0.0,51.0,0.9999999999999928
2020-06-30,Ada,ID,Passenger,0.0,1.0,1.0,285.0,286.0,0.35,2020,6,24246,0,30,1.0,1.0,1.0,1.0,0.0,0.0,52.0,0.999999999999992
2020-07-31,Ada,ID,Passenger,0.0,1.0,1.0,279.0,280.0,0.36,2020,7,24247,0,31,1.0,1.0,1.0,1.0,0.0,0.0,53.0,0.9999999999999932
2020-08-31,Ada,ID,Passenger,0.0,1.0,1.0,274.0,275.0,0.36,2020,8,24248,0,32,1.0,1.0,1.0,1.0,0.0,0.0,54.0,0.999999999999994
2020-09-30,Ada,ID,Passenger,0.0,1.0,1.0,267.0,268.0,0.37,2020,9,24249,0,33,1.0,1.0,1.0,1.0,0.0,0.0,55.0,0.999999999999994
2020-10-31,Ada,ID,Passenger,0.0,1.0,1.0,268.0,269.0,0.37,2020,10,24250,0,34,1.0,1.0,1.0,1.0,0.0,0.0,56.0,0.9999999999999956
2020-11-30,Ada,ID,Passenger,0.0,1.0,1.0,263.0,264.0,0.38,2020,11,24251,0,35,1.0,1.0,1.0,1.0,0.0,0.0,57.0,0.999999999999997
2020-12-31,Ada,ID,Passenger,0.0,1.0,1.0,261.0,262.0,0.38,2020,12,24252,0,36,1.0,1.0,1.0,1.0,0.0,0.0,58.0,0.9999999999999952
2021-12-31,Ada,ID,Passenger,1.0,0.0,1.0,204.0,205.0,0.49,2021,12,24264,0,37,1.0,1.0,1.0,1.0,0.0,0.0,59.0,0.9999999999999916
2022-01-31,Ada,ID,Passenger,1.0,0.0,1.0,194.0,195.0,0.51,2022,1,24265,0,38,1.0,1.0,1.0,1.0,0.0,0.0,60.0,0.9999999999999942
2022-02-28,Ada,ID,Passenger,1.0,0.0,1.0,190.0,191.0,0.52,2022,2,24266,0,39,1.0,1.0,1.0,1.0,0.0,0.0,61.0,0.9999999999999968
2022-03-31,Ada,ID,Passenger,1.0,0.0,1.0,187.0,188.0,0.53,2022,3,24267,0,40,1.0,1.0,1.0,1.0,0.0,0.0,62.0,0.9999999999999932
2022-04-30,Ada,ID,Passenger,1.0,0.0,1.0,185.0,186.0,0.54,2022,4,24268,0,41,1.0,1.0,1.0,1.0,0.0,0.0,63.0,0.999999999999992
2022-05-31,Ada,ID,Passenger,1.0,0.0,1.0,178.0,179.0,0.56,2022,5,24269,0,42,1.0,1.0,1.0,1.0,0.0,0.0,64.0,0.9999999999999918
2022-06-30,Ada,ID,Passenger,1.0,0.0,1.0,179.0,180.0,0.56,2022,6,24270,0,43,1.0,1.0,1.0,1.0,0.0,0.0,65.0,0.9999999999999916
2022-07-31,Ada,ID,Passenger,1.0,0.0,1.0,172.0,173.0,0.58,2022,7,24271,0,44,1.0,1.0,1.0,1.0,0.0,0.0,66.0,0.9999999999999916
2022-08-31,Ada,ID,Passenger,1.0,0.0,1.0,163.0,164.0,0.61,2022,8,24272,0,45,1.0,1.0,1.0,1.0,0.0,0.0,67.0,0.9999999999999952
2022-09-30,Ada,ID,Passenger,1.0,0.0,1.0,157.0,158.0,0.63,2022,9,24273,0,46,1.0,1.0,1.0,1.0,0.0,0.0,68.0,0.9999999999999928
2022-10-31,Ada,ID,Passenger,1.0,0.0,1.0,151.0,152.0,0.66,2022,10,24274,0,47,1.0,1.0,1.0,1.0,0.0,0.0,69.0,0.99999999999999
2022-11-30,Ada,ID,Passenger,1.0,0.0,1.0,145.0,146.0,0.68,2022,11,24275,0,48,1.0,1.0,1.0,1.0,0.0,0.0,70.0,0.9999999999999956
2022-12-31,Ada,ID,Passenger,1.0,0.0,1.0,142.0,143.0,0.7,2022,12,24276,0,49,1.0,1.0,1.0,1.0,0.0,0.0,71.0,0.999999999999998
2023-01-31,Ada,ID,Passenger,1.0,0.0,1.0,136.0,137.0,0.73,2023,1,24277,0,50,1.0,1.0,1.0,1.0,0.0,0.0,72.0,0.9999999999999972
2023-02-28,Ada,ID,Passenger,2.0,0.0,2.0,133.0,135.0,1.48,2023,2,24278,0,51,1.0,1.0,1.0,1.0,1.0,1.0,74.0,1.1428571428571306
2023-03-31,Ada,ID,Passenger,2.0,0.0,2.0,132.0,134.0,1.49,2023,3,24279,0,52,2.0,1.0,1.0,1.3333333333333333,0.0,1.0,76.0,1.371428571428571
2023-04-30,Ada,ID,Passenger,2.0,0.0,2.0,126.0,128.0,1.56,2023,4,24280,0,53,2.0,2.0,1.0,1.6666666666666667,0.0,1.0,78.0,1.6285714285714237
2023-05-31,Ada,ID,Passenger,2.0,0.0,2.0,120.0,122.0,1.64,2023,5,24281,0,54,2.0,2.0,2.0,2.0,0.0,0.0,80.0,1.8571428571428492
2023-06-30,Ada,ID,Passenger,2.0,0.0,2.0,109.0,111.0,1.8,2023,6,24282,0,55,2.0,2.0,2.0,2.0,0.0,0.0,82.0,1.9999999999999976
2023-07-31,Ada,ID,Passenger,2.0,0.0,2.0,106.0,108.0,1.85,2023,7,24283,0,56,2.0,2.0,2.0,2.0,0.0,0.0,84.0,1.9999999999999936
2023-08-31,Ada,ID,Passenger,2.0,0.0,2.0,103.0,105.0,1.9,2023,8,24284,0,57,2.0,2.0,2.0,2.0,0.0,0.0,86.0,1.9999999999999896
2023-09-30,Ada,ID,Passenger,2.0,0.0,2.0,102.0,104.0,1.92,2023,9,24285,0,58,2.0,2.0,2.0,2.0,0.0,0.0,88.0,1.999999999999993
2023-10-31,Ada,ID,Passenger,2.0,0.0,2.0,94.0,96.0,2.08,2023,10,24286,0,59,2.0,2.0,2.0,2.0,0.0,0.0,90.0,1.999999999999994
2023-11-30,Ada,ID,Passenger,2.0,0.0,2.0,91.0,93.0,2.15,2023,11,24287,0,60,2.0,2.0,2.0,2.0,0.0,0.0,92.0,1.999999999999994
2023-12-31,Ada,ID,Passenger,2.0,0.0,2.0,83.0,85.0,2.35,2023,12,24288,0,61,2.0,2.0,2.0,2.0,0.0,0.0,94.0,1.999999999999993
2024-01-31,Ada,ID,Passenger,2.0,0.0,2.0,79.0,81.0,2.47,2024,1,24289,0,62,2.0,2.0,2.0,2.0,0.0,0.0,96.0,1.999999999999994
2024-02-29,Ada,ID,Passenger,2.0,0.0,2.0,78.0,80.0,2.5,2024,2,24290,0,63,2.0,2.0,2.0,2.0,0.0,0.0,98.0,1.999999999999992
2022-03-31,Adams,CO,Passenger,1.0,0.0,1.0,37.0,38.0,2.63,2022,3,24267,1,125,0.0,31.0,0.0,10.333333333333334,0.0,0.0,857.0,8.114285714285591
2022-04-30,Adams,CO,Passenger,1.0,0.0,1.0,35.0,36.0,2.78,2022,4,24268,1,128,0.0,27.0,1.0,9.333333333333334,0.0,0.0,885.0,7.314285714285589
2022-05-31,Adams,CO,Passenger,1.0,0.0,1.0,35.0,36.0,2.78,2022,5,24269,1,130,26.0,1.0,0.0,9.0,-0.9615384615384616,0.0,912.0,10.19999999999992
2022-06-30,Adams,CO,Passenger,1.0,0.0,1.0,34.0,35.0,2.86,2022,6,24270,1,134,1.0,26.0,0.0,9.0,0.0,0.0,940.0,7.199999999999893
2022-07-31,Adams,CO,Passenger,1.0,0.0,1.0,35.0,36.0,2.78,2022,7,24271,1,137,1.0,27.0,1.0,9.666666666666666,0.0,0.0,969.0,7.685714285714138
2022-08-31,Adams,CO,Passenger,1.0,0.0,1.0,35.0,36.0,2.78,2022,8,24272,1,139,29.0,1.0,1.0,10.333333333333334,-0.9655172413793104,0.0,999.0,11.114285714285623
2022-09-30,Adams,CO,Passenger,1.0,0.0,1.0,33.0,34.0,2.94,2022,9,24273,1,142,30.0,1.0,1.0,10.666666666666666,-0.9666666666666668,0.0,1031.0,11.628571428571275
2022-10-31,Adams,CO,Passenger,1.0,0.0,1.0,32.0,33.0,3.03,2022,10,24274,1,146,34.0,32.0,1.0,22.33333333333333,-0.9705882352941176,0.0,1099.0,16.514285714285524
2022-11-30,Adams,CO,Passenger,1.0,0.0,1.0,31.0,32.0,3.12,2022,11,24275,1,150,1.0,33.0,1.0,11.666666666666666,0.0,0.0,1135.0,9.228571428571286
2022-12-31,Adams,CO,Passenger,1.0,0.0,1.0,31.0,32.0,3.12,2022,12,24276,1,152,34.0,1.0,1.0,12.0,-0.9705882352941176,0.0,1170.0,13.114285714285549
2023-01-31,Adams,CO,Passenger,1.0,0.0,1.0,30.0,31.0,3.23,2023,1,24277,1,156,33.0,1.0,1.0,11.666666666666666,-0.9696969696969696,0.0,1206.0,8.314285714285655
2023-02-28,Adams,CO,Passenger,1.0,0.0,1.0,28.0,29.0,3.45,2023,2,24278,1,158,32.0,1.0,33.0,22.0,-0.96875,-0.9696969696969696,1239.0,15.399999999999975
2023-03-31,Adams,CO,Passenger,1.0,0.0,1.0,24.0,25.0,4.0,2023,3,24279,1,161,2.0,2.0,1.0,1.6666666666666667,-0.5,0.0,1244.0,5.914285714285624
2023-04-30,Adams,CO,Passenger,1.0,0.0,1.0,24.0,25.0,4.0,2023,4,24280,1,164,36.0,34.0,1.0,23.666666666666668,-0.9722222222222222,0.0,1315.0,17.62857142857125
2023-05-31,Adams,CO,Passenger,1.0,0.0,1.0,22.0,23.0,4.35,2023,5,24281,1,168,37.0,2.0,2.0,13.666666666666666,-0.972972972972973,-0.5,1357.0,9.714285714285436
2023-06-30,Adams,CO,Passenger,1.0,0.0,1.0,20.0,21.0,4.76,2023,6,24282,1,169,1.0,37.0,2.0,13.333333333333334,0.0,-0.5,1358.0,10.628571428571345
2023-07-31,Adams,CO,Passenger,1.0,0.0,1.0,18.0,19.0,5.26,2023,7,24283,1,173,36.0,37.0,3.0,25.33333333333333,-0.9722222222222222,-0.6666666666666667,1435.0,18.71428571428563
2023-08-31,Adams,CO,Passenger,1.0,0.0,1.0,18.0,19.0,5.26,2023,8,24284,1,177,3.0,37.0,3.0,14.333333333333334,-0.6666666666666667,-0.6666666666666667,1479.0,11.171428571428478
2023-09-30,Adams,CO,Passenger,1.0,0.0,1.0,17.0,18.0,5.56,2023,9,24285,1,179,3.0,1.0,3.0,2.333333333333333,-0.6666666666666667,-0.6666666666666667,1483.0,7.057142857142678
2023-10-31,Adams,CO,Passenger,1.0,0.0,1.0,16.0,17.0,5.88,2023,10,24286,1,182,41.0,39.0,1.0,27.0,-0.975609756097561,0.0,1564.0,20.199999999999896
2023-11-30,Adams,CO,Passenger,1.0,0.0,1.0,17.0,18.0,5.56,2023,11,24287,1,184,3.0,1.0,41.0,15.0,-0.6666666666666667,-0.975609756097561,1568.0,16.0285714285713
2023-12-31,Adams,CO,Passenger,1.0,0.0,1.0,15.0,16.0,6.25,2023,12,24288,1,187,3.0,43.0,1.0,15.666666666666666,-0.6666666666666667,0.0,1615.0,12.542857142857024
2024-01-31,Adams,CO,Passenger,1.0,0.0,1.0,15.0,16.0,6.25,2024,1,24289,1,192,3.0,45.0,3.0,17.0,-0.6666666666666667,-0.6666666666666667,1710.0,19.22857142857126
2024-02-29,Adams,CO,Passenger,1.0,0.0,1.0,14.0,15.0,6.67,2024,2,24290,1,194,3.0,1.0,3.0,2.333333333333333,-0.6666666666666667,-0.6666666666666667,1714.0,8.199999999999726
2017-06-30,Alameda,CA,Passenger,1.0,1.0,2.0,369.0,371.0,0.54,2017,6,24210,2,5,2.0,3.0,4.0,3.0,0.0,-0.5,22.0,3.0
2017-07-31,Alameda,CA,Passenger,1.0,1.0,2.0,362.0,364.0,0.55,2017,7,24211,2,6,2.0,2.0,3.0,2.333333333333333,0.0,-0.3333333333333333,24.0,2.5142857142857133
2017-08-31,Alameda,CA,Passenger,0.0,1.0,1.0,362.0,363.0,0.28,2017,8,24212,2,7,2.0,2.0,2.0,2.0,-0.5,-0.5,25.0,1.9999999999999991
2017-09-30,Alameda,CA,Passenger,0.0,1.0,1.0,356.0,357.0,0.28,2017,9,24213,2,8,1.0,2.0,2.0,1.6666666666666667,0.0,-0.5,26.0,1.628571428571426
2017-10-31,Alameda,CA,Passenger,0.0,1.0,1.0,356.0,357.0,0.28,2017,10,24214,2,9,1.0,1.0,2.0,1.3333333333333333,0.0,-0.5,27.0,1.3714285714285686
2017-11-30,Alameda,CA,Passenger,0.0,1.0,1.0,357.0,358.0,0.28,2017,11,24215,2,10,1.0,1.0,1.0,1.0,0.0,0.0,28.0,1.142857142857142
2017-12-31,Alameda,CA,Passenger,0.0,1.0,1.0,356.0,357.0,0.28,2017,12,24216,2,11,1.0,1.0,1.0,1.0,0.0,0.0,29.0,0.9999999999999982
2018-01-31,Alameda,CA,Passenger,0.0,1.0,1.0,362.0,363.0,0.28,2018,1,24217,2,12,1.0,1.0,1.0,1.0,0.0,0.0,30.0,0.9999999999999968
2018-02-28,Alameda,CA,Passenger,0.0,1.0,1.0,362.0,363.0,0.28,2018,2,24218,2,13,1.0,1.0,1.0,1.0,0.0,0.0,31.0,0.9999999999999976
2018-03-31,Alameda,CA,Passenger,0.0,1.0,1.0,358.0,359.0,0.28,2018,3,24219,2,14,1.0,1.0,1.0,1.0,0.0,0.0,32.0,0.999999999999996
2018-04-30,Alameda,CA,Passenger,0.0,1.0,1.0,357.0,358.0,0.28,2018,4,24220,2,15,1.0,1.0,1.0,1.0,0.0,0.0,33.0,0.9999999999999968
2018-05-31,Alameda,CA,Passenger,0.0,1.0,1.0,353.0,354.0,0.28,2018,5,24221,2,16,1.0,1.0,1.0,1.0,0.0,0.0,34.0,0.999999999999996
2018-06-30,Alameda,CA,Passenger,0.0,1.0,1.0,352.0,353.0,0.28,2018,6,24222,2,17,1.0,1.0,1.0,1.0,0.0,0.0,35.0,0.999999999999995
2018-07-31,Alameda,CA,Passenger,0.0,1.0,1.0,348.0,349.0,0.29,2018,7,24223,2,18,1.0,1.0,1.0,1.0,0.0,0.0,36.0,0.9999999999999978
2018-08-31,Alameda,CA,Passenger,0.0,1.0,1.0,346.0,347.0,0.29,2018,8,24224,2,19,1.0,1.0,1.0,1.0,0.0,0.0,37.0,0.9999999999999968
2018-09-30,Alameda,CA,Passenger,0.0,2.0,2.0,339.0,341.0,0.59,2018,9,24225,2,20,1.0,1.0,1.0,1.0,1.0,1.0,39.0,1.1428571428571377
2018-10-31,Alameda,CA,Passenger,0.0,2.0,2.0,339.0,341.0,0.59,2018,10,24226,2,21,2.0,1.0,1.0,1.3333333333333333,0.0,1.0,41.0,1.3714285714285706
2018-11-30,Alameda,CA,Passenger,0.0,2.0,2.0,335.0,337.0,0.59,2018,11,24227,2,22,2.0,2.0,1.0,1.6666666666666667,0.0,1.0,43.0,1.628571428571426
2018-12-31,Alameda,CA,Passenger,0.0,2.0,2.0,331.0,333.0,0.6,2018,12,24228,2,23,2.0,2.0,2.0,2.0,0.0,0.0,45.0,1.8571428571428528
2019-01-31,Alameda,CA,Passenger,0.0,2.0,2.0,325.0,327.0,0.61,2019,1,24229,2,24,2.0,2.0,2.0,2.0,0.0,0.0,47.0,1.999999999999995
2019-02-28,Alameda,CA,Passenger,0.0,2.0,2.0,328.0,330.0,0.61,2019,2,24230,2,25,2.0,2.0,2.0,2.0,0.0,0.0,49.0,1.9999999999999984
2019-03-31,Alameda,CA,Passenger,2.0,2.0,4.0,327.0,331.0,1.21,2019,3,24231,2,26,2.0,2.0,2.0,2.0,1.0,1.0,53.0,2.2857142857142816
2019-04-30,Alameda,CA,Passenger,2.0,2.0,4.0,321.0,325.0,1.23,2019,4,24232,2,27,4.0,2.0,2.0,2.6666666666666665,0.0,1.0,57.0,2.7428571428571376
2019-05-31,Alameda,CA,Passenger,2.0,2.0,4.0,317.0,321.0,1.25,2019,5,24233,2,28,4.0,4.0,2.0,3.333333333333333,0.0,1.0,61.0,3.257142857142856
2019-06-30,Alameda,CA,Passenger,3.0,2.0,5.0,315.0,320.0,1.56,2019,6,24234,2,29,4.0,4.0,4.0,4.0,0.25,0.25,66.0,3.857142857142852
2019-07-31,Alameda,CA,Passenger,3.0,2.0,5.0,311.0,316.0,1.58,2019,7,24235,2,30,5.0,4.0,4.0,4.333333333333333,0.0,0.25,71.0,4.371428571428568
2019-08-31,Alameda,CA,Passenger,3.0,1.0,4.0,301.0,305.0,1.31,2019,8,24236,2,31,5.0,5.0,4.0,4.666666666666667,-0.1999999999999999,0.0,75.0,4.485714285714285
2019-09-30,Alameda,CA,Passenger,3.0,1.0,4.0,302.0,306.0,1.31,2019,9,24237,2,32,4.0,5.0,5.0,4.666666666666667,0.0,-0.1999999999999999,79.0,4.48571428571428
2019-10-31,Alameda,CA,Passenger,4.0,1.0,5.0,306.0,311.0,1.61,2019,10,24238,2,33,4.0,4.0,5.0,4.333333333333333,0.25,0.0,84.0,4.514285714285709
2019-11-30,Alameda,CA,Passenger,4.0,1.0,5.0,302.0,307.0,1.63,2019,11,24239,2,34,5.0,4.0,4.0,4.333333333333333,0.0,0.25,89.0,4.514285714285704
2019-12-31,Alameda,CA,Passenger,4.0,1.0,5.0,303.0,308.0,1.62,2019,12,24240,2,35,5.0,5.0,4.0,4.666666666666667,0.0,0.25,94.0,4.628571428571425
2020-01-31,Alameda,CA,Passenger,4.0,1.0,5.0,296.0,301.0,1.66,2020,1,24241,2,36,5.0,5.0,5.0,5.0,0.0,0.0,99.0,4.857142857142844
2020-02-29,Alameda,CA,Passenger,3.0,1.0,4.0,294.0,298.0,1.34,2020,2,24242,2,37,5.0,5.0,5.0,5.0,-0.1999999999999999,-0.1999999999999999,103.0,4.857142857142845
2020-03-31,Alameda,CA,Passenger,3.0,1.0,4.0,292.0,296.0,1.35,2020,3,24243,2,38,4.0,5.0,5.0,4.666666666666667,0.0,-0.1999999999999999,107.0,4.628571428571421
2020-04-30,Alameda,CA,Passenger,3.0,1.0,4.0,288.0,292.0,1.37,2020,4,24244,2,39,4.0,4.0,5.0,4.333333333333333,0.0,-0.1999999999999999,111.0,4.371428571428567
2020-05-31,Alameda,CA,Passenger,2.0,1.0,3.0,282.0,285.0,1.05,2020,5,24245,2,40,4.0,4.0,4.0,4.0,-0.25,-0.25,114.0,3.999999999999987
2020-06-30,Alameda,CA,Passenger,2.0,0.0,2.0,279.0,281.0,0.71,2020,6,24246,2,41,3.0,4.0,4.0,3.6666666666666665,-0.3333333333333333,-0.5,116.0,3.485714285714277
2020-07-31,Alameda,CA,Passenger,2.0,0.0,2.0,277.0,279.0,0.72,2020,7,24247,2,42,2.0,3.0,4.0,3.0,0.0,-0.5,118.0,2.999999999999995
2020-08-31,Alameda,CA,Passenger,2.0,0.0,2.0,279.0,281.0,0.71,2020,8,24248,2,43,2.0,2.0,3.0,2.333333333333333,0.0,-0.3333333333333333,120.0,2.514285714285705
2020-09-30,Alameda,CA,Passenger,2.0,0.0,2.0,277.0,279.0,0.72,2020,9,24249,2,44,2.0,2.0,2.0,2.0,0.0,0.0,122.0,2.1428571428571326
2020-10-31,Alameda,CA,Passenger,2.0,0.0,2.0,268.0,270.0,0.74,2020,10,24250,2,45,2.0,2.0,2.0,2.0,0.0,0.0,124.0,1.999999999999987
2020-11-30,Alameda,CA,Passenger,3.0,0.0,3.0,273.0,276.0,1.09,2020,11,24251,2,46,2.0,2.0,2.0,2.0,0.5,0.5,127.0,2.1428571428571326
2020-12-31,Alameda,CA,Passenger,4.0,0.0,4.0,274.0,278.0,1.44,2020,12,24252,2,47,3.0,2.0,2.0,2.333333333333333,0.3333333333333332,1.0,131.0,2.5142857142857
2021-01-31,Alameda,CA,Passenger,4.0,0.0,4.0,273.0,277.0,1.44,2021,1,24253,2,48,4.0,3.0,2.0,3.0,0.0,1.0,135.0,2.9999999999999822
2021-02-28,Alameda,CA,Passenger,4.0,0.0,4.0,267.0,271.0,1.48,2021,2,24254,2,49,4.0,4.0,3.0,3.6666666666666665,0.0,0.3333333333333332,139.0,3.485714285714272
2021-03-31,Alameda,CA,Passenger,4.0,0.0,4.0,266.0,270.0,1.48,2021,3,24255,2,50,4.0,4.0,4.0,4.0,0.0,0.0,143.0,3.8571428571428408
2021-04-30,Alameda,CA,Passenger,4.0,0.0,4.0,259.0,263.0,1.52,2021,4,24256,2,51,4.0,4.0,4.0,4.0,0.0,0.0,147.0,3.999999999999981
2021-05-31,Alameda,CA,Passenger,4.0,0.0,4.0,253.0,257.0,1.56,2021,5,24257,2,52,4.0,4.0,4.0,4.0,0.0,0.0,151.0,3.99999999999998
2021-06-30,Alameda,CA,Passenger,4.0,0.0,4.0,252.0,256.0,1.56,2021,6,24258,2,53,4.0,4.0,4.0,4.0,0.0,0.0,155.0,3.999999999999996
2021-07-31,Alameda,CA,Passenger,5.0,0.0,5.0,247.0,252.0,1.98,2021,7,24259,2,54,4.0,4.0,4.0,4.0,0.25,0.25,160.0,4.14285714285713
2021-08-31,Alameda,CA,Passenger,5.0,0.0,5.0,243.0,248.0,2.02,2021,8,24260,2,55,5.0,4.0,4.0,4.333333333333333,0.0,0.25,165.0,4.371428571428555
2021-09-30,Alameda,CA,Passenger,5.0,0.0,5.0,238.0,243.0,2.06,2021,9,24261,2,56,5.0,5.0,4.0,4.666666666666667,0.0,0.25,170.0,4.628571428571422
2021-10-31,Alameda,CA,Passenger,5.0,0.0,5.0,230.0,235.0,2.13,2021,10,24262,2,57,5.0,5.0,5.0,5.0,0.0,0.0,175.0,4.857142857142851
2021-11-30,Alameda,CA,Passenger,5.0,0.0,5.0,228.0,233.0,2.15,2021,11,24263,2,58,5.0,5.0,5.0,5.0,0.0,0.0,180.0,4.999999999999975
2021-12-31,Alameda,CA,Passenger,5.0,0.0,5.0,229.0,234.0,2.14,2021,12,24264,2,59,5.0,5.0,5.0,5.0,0.0,0.0,185.0,4.999999999999978
2022-01-31,Alameda,CA,Passenger,5.0,0.0,5.0,225.0,230.0,2.17,2022,1,24265,2,60,5.0,5.0,5.0,5.0,0.0,0.0,190.0,4.999999999999982
2022-02-28,Alameda,CA,Passenger,5.0,0.0,5.0,224.0,229.0,2.18,2022,2,24266,2,61,5.0,5.0,5.0,5.0,0.0,0.0,195.0,4.9999999999999805
2022-03-31,Alameda,CA,Passenger,5.0,0.0,5.0,218.0,223.0,2.24,2022,3,24267,2,62,5.0,5.0,5.0,5.0,0.0,0.0,200.0,4.999999999999971
2022-04-30,Alameda,CA,Passenger,5.0,1.0,6.0,212.0,218.0,2.75,2022,4,24268,2,63,5.0,5.0,5.0,5.0,0.1999999999999999,0.1999999999999999,206.0,5.142857142857128
2022-05-31,Alameda,CA,Passenger,5.0,1.0,6.0,206.0,212.0,2.83,2022,5,24269,2,64,6.0,5.0,5.0,5.333333333333333,0.0,0.1999999999999999,212.0,5.371428571428562
2022-06-30,Alameda,CA,Passenger,5.0,1.0,6.0,201.0,207.0,2.9,2022,6,24270,2,65,6.0,6.0,5.0,5.666666666666667,0.0,0.1999999999999999,218.0,5.628571428571418
2022-07-31,Alameda,CA,Passenger,5.0,1.0,6.0,198.0,204.0,2.94,2022,7,24271,2,66,6.0,6.0,6.0,6.0,0.0,0.0,224.0,5.857142857142844
2022-08-31,Alameda,CA,Passenger,5.0,1.0,6.0,194.0,200.0,3.0,2022,8,24272,2,67,6.0,6.0,6.0,6.0,0.0,0.0,230.0,5.999999999999971
2022-09-30,Alameda,CA,Passenger,6.0,1.0,7.0,191.0,198.0,3.54,2022,9,24273,2,68,6.0,6.0,6.0,6.0,0.1666666666666667,0.1666666666666667,237.0,6.142857142857123
2022-10-31,Alameda,CA,Passenger,6.0,1.0,7.0,188.0,195.0,3.59,2022,10,24274,2,69,7.0,6.0,6.0,6.333333333333333,0.0,0.1666666666666667,244.0,6.37142857142855
2022-11-30,Alameda,CA,Passenger,4.0,1.0,5.0,189.0,194.0,2.58,2022,11,24275,2,70,7.0,7.0,6.0,6.666666666666667,-0.2857142857142857,-0.1666666666666666,249.0,6.342857142857104
2022-12-31,Alameda,CA,Passenger,4.0,1.0,5.0,184.0,189.0,2.65,2022,12,24276,2,71,5.0,7.0,7.0,6.333333333333333,0.0,-0.2857142857142857,254.0,6.114285714285684
2023-01-31,Alameda,CA,Passenger,4.0,1.0,5.0,180.0,185.0,2.7,2023,1,24277,2,72,5.0,5.0,7.0,5.666666666666667,0.0,-0.2857142857142857,259.0,5.742857142857126
2023-02-28,Alameda,CA,Passenger,4.0,1.0,5.0,178.0,183.0,2.73,2023,2,24278,2,73,5.0,5.0,5.0,5.0,0.0,0.0,264.0,5.285714285714269
2023-03-31,Alameda,CA,Passenger,4.0,1.0,5.0,179.0,184.0,2.72,2023,3,24279,2,74,5.0,5.0,5.0,5.0,0.0,0.0,269.0,4.9999999999999725
2023-04-30,Alameda,CA,Passenger,4.0,1.0,5.0,178.0,183.0,2.73,2023,4,24280,2,75,5.0,5.0,5.0,5.0,0.0,0.0,274.0,4.999999999999963
2023-05-31,Alameda,CA,Passenger,4.0,1.0,5.0,175.0,180.0,2.78,2023,5,24281,2,76,5.0,5.0,5.0,5.0,0.0,0.0,279.0,4.9999999999999645
2023-06-30,Alameda,CA,Passenger,4.0,1.0,5.0,168.0,173.0,2.89,2023,6,24282,2,77,5.0,5.0,5.0,5.0,0.0,0.0,284.0,4.999999999999978
2023-07-31,Alameda,CA,Passenger,4.0,1.0,5.0,164.0,169.0,2.96,2023,7,24283,2,78,5.0,5.0,5.0,5.0,0.0,0.0,289.0,4.99999999999999
2023-08-31,Alameda,CA,Passenger,4.0,1.0,5.0,161.0,166.0,3.01,2023,8,24284,2,79,5.0,5.0,5.0,5.0,0.0,0.0,294.0,4.999999999999973
2023-09-30,Alameda,CA,Passenger,4.0,1.0,5.0,156.0,161.0,3.11,2023,9,24285,2,80,5.0,5.0,5.0,5.0,0.0,0.0,299.0,4.999999999999975
2023-10-31,Alameda,CA,Passenger,4.0,1.0,5.0,147.0,152.0,3.29,2023,10,24286,2,81,5.0,5.0,5.0,5.0,0.0,0.0,304.0,4.9999999999999565
2023-11-30,Alameda,CA,Passenger,4.0,1.0,5.0,143.0,148.0,3.38,2023,11,24287,2,82,5.0,5.0,5.0,5.0,0.0,0.0,309.0,4.999999999999967
2023-12-31,Alameda,CA,Passenger,4.0,1.0,5.0,134.0,139.0,3.6,2023,12,24288,2,83,5.0,5.0,5.0,5.0,0.0,0.0,314.0,4.999999999999959
2024-01-31,Alameda,CA,Passenger,3.0,1.0,4.0,134.0,138.0,2.9,2024,1,24289,2,84,5.0,5.0,5.0,5.0,-0.1999999999999999,-0.1999999999999999,318.0,4.857142857142821
2024-02-29,Alameda,CA,Passenger,3.0,1.0,4.0,130.0,134.0,2.99,2024,2,24290,2,85,4.0,5.0,5.0,4.666666666666667,0.0,-0.1999999999999999,322.0,4.628571428571396
2017-08-31,Albemarle,VA,Passenger,0.0,1.0,1.0,32.0,33.0,3.03,2017,8,24212,3,5,1.0,1.0,1.0,1.0,0.0,0.0,6.0,1.0000000000000002
2017-09-30,Albemarle,VA,Passenger,0.0,1.0,1.0,32.0,33.0,3.03,2017,9,24213,3,6,1.0,1.0,1.0,1.0,0.0,0.0,7.0,1.0
2017-10-31,Albemarle,VA,Passenger,0.0,1.0,1.0,32.0,33.0,3.03,2017,10,24214,3,7,1.0,1.0,1.0,1.0,0.0,0.0,8.0,1.0
2017-11-30,Albemarle,VA,Passenger,0.0,1.0,1.0,32.0,33.0,3.03,2017,11,24215,3,8,1.0,1.0,1.0,1.0,0.0,0.0,9.0,1.0000000000000002
2017-12-31,Albemarle,VA,Passenger,0.0,1.0,1.0,32.0,33.0,3.03,2017,12,24216,3,9,1.0,1.0,1.0,1.0,0.0,0.0,10.0,0.9999999999999996
2018-01-31,Albemarle,VA,Passenger,0.0,1.0,1.0,30.0,31.0,3.23,2018,1,24217,3,10,1.0,1.0,1.0,1.0,0.0,0.0,11.0,1.0
2018-10-31,Albemarle,VA,Passenger,1.0,0.0,1.0,27.0,28.0,3.57,2018,10,24226,3,11,1.0,1.0,1.0,1.0,0.0,0.0,12.0,0.9999999999999996
2018-11-30,Albemarle,VA,Passenger,1.0,0.0,1.0,27.0,28.0,3.57,2018,11,24227,3,12,1.0,1.0,1.0,1.0,0.0,0.0,13.0,1.0
2018-12-31,Albemarle,VA,Passenger,1.0,0.0,1.0,26.0,27.0,3.7,2018,12,24228,3,13,1.0,1.0,1.0,1.0,0.0,0.0,14.0,0.9999999999999992
2019-01-31,Albemarle,VA,Passenger,1.0,0.0,1.0,25.0,26.0,3.85,2019,1,24229,3,14,1.0,1.0,1.0,1.0,0.0,0.0,15.0,0.9999999999999996
2019-02-28,Albemarle,VA,Passenger,1.0,0.0,1.0,25.0,26.0,3.85,2019,2,24230,3,15,1.0,1.0,1.0,1.0,0.0,0.0,16.0,0.999999999999999
2019-03-31,Albemarle,VA,Passenger,1.0,0.0,1.0,24.0,25.0,4.0,2019,3,24231,3,16,1.0,1.0,1.0,1.0,0.0,0.0,17.0,0.999999999999998
2019-04-30,Albemarle,VA,Passenger,1.0,0.0,1.0,26.0,27.0,3.7,2019,4,24232,3,17,1.0,1.0,1.0,1.0,0.0,0.0,18.0,0.9999999999999996
2019-05-31,Albemarle,VA,Passenger,1.0,0.0,1.0,25.0,26.0,3.85,2019,5,24233,3,18,1.0,1.0,1.0,1.0,0.0,0.0,19.0,0.9999999999999982
2019-06-30,Albemarle,VA,Passenger,1.0,0.0,1.0,24.0,25.0,4.0,2019,6,24234,3,19,1.0,1.0,1.0,1.0,0.0,0.0,20.0,0.999999999999998
2019-07-31,Albemarle,VA,Passenger,1.0,0.0,1.0,23.0,24.0,4.17,2019,7,24235,3,20,1.0,1.0,1.0,1.0,0.0,0.0,21.0,0.999999999999999
2019-08-31,Albemarle,VA,Passenger,1.0,0.0,1.0,23.0,24.0,4.17,2019,8,24236,3,21,1.0,1.0,1.0,1.0,0.0,0.0,22.0,0.999999999999998
2019-09-30,Albemarle,VA,Passenger,1.0,0.0,1.0,25.0,26.0,3.85,2019,9,24237,3,22,1.0,1.0,1.0,1.0,0.0,0.0,23.0,0.9999999999999974
2019-10-31,Albemarle,VA,Passenger,1.0,0.0,1.0,27.0,28.0,3.57,2019,10,24238,3,23,1.0,1.0,1.0,1.0,0.0,0.0,24.0,0.9999999999999976
2019-11-30,Albemarle,VA,Passenger,1.0,0.0,1.0,27.0,28.0,3.57,2019,11,24239,3,24,1.0,1.0,1.0,1.0,0.0,0.0,25.0,0.9999999999999976
2019-12-31,Albemarle,VA,Passenger,1.0,0.0,1.0,27.0,28.0,3.57,2019,12,24240,3,25,1.0,1.0,1.0,1.0,0.0,0.0,26.0,0.999999999999999
2020-01-31,Albemarle,VA,Passenger,1.0,0.0,1.0,27.0,28.0,3.57,2020,1,24241,3,26,1.0,1.0,1.0,1.0,0.0,0.0,27.0,0.9999999999999992
2020-02-29,Albemarle,VA,Passenger,1.0,0.0,1.0,27.0,28.0,3.57,2020,2,24242,3,27,1.0,1.0,1.0,1.0,0.0,0.0,28.0,0.9999999999999972
2020-03-31,Albemarle,VA,Passenger,1.0,0.0,1.0,23.0,24.0,4.17,2020,3,24243,3,28,1.0,1.0,1.0,1.0,0.0,0.0,29.0,0.9999999999999982
2020-04-30,Albemarle,VA,Passenger,1.0,0.0,1.0,23.0,24.0,4.17,2020,4,24244,3,29,1.0,1.0,1.0,1.0,0.0,0.0,30.0,0.9999999999999968
2020-05-31,Albemarle,VA,Passenger,1.0,0.0,1.0,22.0,23.0,4.35,2020,5,24245,3,30,1.0,1.0,1.0,1.0,0.0,0.0,31.0,0.9999999999999976
2020-06-30,Albemarle,VA,Passenger,1.0,0.0,1.0,23.0,24.0,4.17,2020,6,24246,3,31,1.0,1.0,1.0,1.0,0.0,0.0,32.0,0.999999999999996
2020-07-31,Albemarle,VA,Passenger,1.0,0.0,1.0,22.0,23.0,4.35,2020,7,24247,3,32,1.0,1.0,1.0,1.0,0.0,0.0,33.0,0.9999999999999968
2020-08-31,Albemarle,VA,Passenger,1.0,0.0,1.0,22.0,23.0,4.35,2020,8,24248,3,33,1.0,1.0,1.0,1.0,0.0,0.0,34.0,0.999999999999996
2020-09-30,Albemarle,VA,Passenger,1.0,0.0,1.0,22.0,23.0,4.35,2020,9,24249,3,34,1.0,1.0,1.0,1.0,0.0,0.0,35.0,0.999999999999995
2020-10-31,Albemarle,VA,Passenger,1.0,0.0,1.0,23.0,24.0,4.17,2020,10,24250,3,35,1.0,1.0,1.0,1.0,0.0,0.0,36.0,0.9999999999999978
2020-11-30,Albemarle,VA,Passenger,1.0,0.0,1.0,23.0,24.0,4.17,2020,11,24251,3,36,1.0,1.0,1.0,1.0,0.0,0.0,37.0,0.9999999999999968
2020-12-31,Albemarle,VA,Passenger,1.0,0.0,1.0,23.0,24.0,4.17,2020,12,24252,3,37,1.0,1.0,1.0,1.0,0.0,0.0,38.0,0.9999999999999992
2021-01-31,Albemarle,VA,Passenger,1.0,0.0,1.0,24.0,25.0,4.0,2021,1,24253,3,38,1.0,1.0,1.0,1.0,0.0,0.0,39.0,0.999999999999994
2021-02-28,Albemarle,VA,Passenger,1.0,0.0,1.0,24.0,25.0,4.0,2021,2,24254,3,39,1.0,1.0,1.0,1.0,0.0,0.0,40.0,0.9999999999999972
2021-03-31,Albemarle,VA,Passenger,1.0,0.0,1.0,24.0,25.0,4.0,2021,3,24255,3,40,1.0,1.0,1.0,1.0,0.0,0.0,41.0,0.9999999999999988
2021-04-30,Albemarle,VA,Passenger,1.0,0.0,1.0,23.0,24.0,4.17,2021,4,24256,3,41,1.0,1.0,1.0,1.0,0.0,0.0,42.0,0.9999999999999968
2021-05-31,Albemarle,VA,Passenger,1.0,0.0,1.0,22.0,23.0,4.35,2021,5,24257,3,42,1.0,1.0,1.0,1.0,0.0,0.0,43.0,0.9999999999999948
2021-06-30,Albemarle,VA,Passenger,2.0,0.0,2.0,22.0,24.0,6.9025,2021,6,24258,3,43,1.0,1.0,1.0,1.0,1.0,1.0,45.0,1.1428571428571388
2021-07-31,Albemarle,VA,Passenger,2.0,0.0,2.0,22.0,24.0,6.9025,2021,7,24259,3,44,2.0,1.0,1.0,1.3333333333333333,0.0,1.0,47.0,1.3714285714285663
2021-08-31,Albemarle,VA,Passenger,2.0,0.0,2.0,23.0,25.0,6.9025,2021,8,24260,3,45,2.0,2.0,1.0,1.6666666666666667,0.0,1.0,49.0,1.6285714285714268
2021-09-30,Albemarle,VA,Passenger,2.0,0.0,2.0,23.0,25.0,6.9025,2021,9,24261,3,46,2.0,2.0,2.0,2.0,0.0,0.0,51.0,1.857142857142852
2021-10-31,Albemarle,VA,Passenger,2.0,0.0,2.0,23.0,25.0,6.9025,2021,10,24262,3,47,2.0,2.0,2.0,2.0,0.0,0.0,53.0,1.999999999999997
2021-11-30,Albemarle,VA,Passenger,2.0,0.0,2.0,23.0,25.0,6.9025,2021,11,24263,3,48,2.0,2.0,2.0,2.0,0.0,0.0,55.0,1.999999999999993
2021-12-31,Albemarle,VA,Passenger,3.0,0.0,3.0,22.0,25.0,6.9025,2021,12,24264,3,49,2.0,2.0,2.0,2.0,0.5,0.5,58.0,2.142857142857137
2022-01-31,Albemarle,VA,Passenger,3.0,0.0,3.0,22.0,25.0,6.9025,2022,1,24265,3,50,3.0,2.0,2.0,2.333333333333333,0.0,0.5,61.0,2.3714285714285634
2022-02-28,Albemarle,VA,Passenger,3.0,0.0,3.0,22.0,25.0,6.9025,2022,2,24266,3,51,3.0,3.0,2.0,2.6666666666666665,0.0,0.5,64.0,2.628571428571425
2022-03-31,Albemarle,VA,Passenger,3.0,0.0,3.0,21.0,24.0,6.9025,2022,3,24267,3,52,3.0,3.0,3.0,3.0,0.0,0.0,67.0,2.8571428571428514
2022-04-30,Albemarle,VA,Passenger,3.0,0.0,3.0,21.0,24.0,6.9025,2022,4,24268,3,53,3.0,3.0,3.0,3.0,0.0,0.0,70.0,2.999999999999996
2022-05-31,Albemarle,VA,Passenger,3.0,0.0,3.0,20.0,23.0,6.9025,2022,5,24269,3,54,3.0,3.0,3.0,3.0,0.0,0.0,73.0,2.999999999999994
2022-06-30,Albemarle,VA,Passenger,3.0,0.0,3.0,20.0,23.0,6.9025,2022,6,24270,3,55,3.0,3.0,3.0,3.0,0.0,0.0,76.0,2.999999999999995
2022-07-31,Albemarle,VA,Passenger,3.0,0.0,3.0,20.0,23.0,6.9025,2022,7,24271,3,56,3.0,3.0,3.0,3.0,0.0,0.0,79.0,2.999999999999996
2022-08-31,Albemarle,VA,Passenger,3.0,0.0,3.0,19.0,22.0,6.9025,2022,8,24272,3,57,3.0,3.0,3.0,3.0,0.0,0.0,82.0,2.999999999999992
2022-09-30,Albemarle,VA,Passenger,2.0,0.0,2.0,19.0,21.0,6.9025,2022,9,24273,3,58,3.0,3.0,3.0,3.0,-0.3333333333333333,-0.3333333333333333,84.0,2.857142857142852
2022-10-31,Albemarle,VA,Passenger,2.0,0.0,2.0,18.0,20.0,6.9025,2022,10,24274,3,59,2.0,3.0,3.0,2.6666666666666665,0.0,-0.3333333333333333,86.0,2.628571428571419
2022-11-30,Albemarle,VA,Passenger,2.0,0.0,2.0,18.0,20.0,6.9025,2022,11,24275,3,60,2.0,2.0,3.0,2.333333333333333,0.0,-0.3333333333333333,88.0,2.3714285714285586
2022-12-31,Albemarle,VA,Passenger,2.0,0.0,2.0,18.0,20.0,6.9025,2022,12,24276,3,61,2.0,2.0,2.0,2.0,0.0,0.0,90.0,2.1428571428571392
2023-01-31,Albemarle,VA,Passenger,2.0,0.0,2.0,17.0,19.0,6.9025,2023,1,24277,3,62,2.0,2.0,2.0,2.0,0.0,0.0,92.0,1.999999999999994
2023-02-28,Albemarle,VA,Passenger,2.0,0.0,2.0,16.0,18.0,6.9025,2023,2,24278,3,63,2.0,2.0,2.0,2.0,0.0,0.0,94.0,1.999999999999993
2023-03-31,Albemarle,VA,Passenger,2.0,0.0,2.0,16.0,18.0,6.9025,2023,3,24279,3,64,2.0,2.0,2.0,2.0,0.0,0.0,96.0,1.999999999999994
2023-04-30,Albemarle,VA,Passenger,2.0,0.0,2.0,16.0,18.0,6.9025,2023,4,24280,3,65,2.0,2.0,2.0,2.0,0.0,0.0,98.0,1.999999999999992
2023-05-31,Albemarle,VA,Passenger,2.0,0.0,2.0,15.0,17.0,6.9025,2023,5,24281,3,66,2.0,2.0,2.0,2.0,0.0,0.0,100.0,1.999999999999989
2023-06-30,Albemarle,VA,Passenger,2.0,0.0,2.0,15.0,17.0,6.9025,2023,6,24282,3,67,2.0,2.0,2.0,2.0,0.0,0.0,102.0,1.9999999999999856
2023-07-31,Albemarle,VA,Passenger,2.0,0.0,2.0,15.0,17.0,6.9025,2023,7,24283,3,68,2.0,2.0,2.0,2.0,0.0,0.0,104.0,1.999999999999984
2023-08-31,Albemarle,VA,Passenger,2.0,0.0,2.0,14.0,16.0,6.9025,2023,8,24284,3,69,2.0,2.0,2.0,2.0,0.0,0.0,106.0,1.9999999999999865
2023-09-30,Albemarle,VA,Passenger,2.0,0.0,2.0,14.0,16.0,6.9025,2023,9,24285,3,70,2.0,2.0,2.0,2.0,0.0,0.0,108.0,1.999999999999988
2023-10-31,Albemarle,VA,Passenger,2.0,0.0,2.0,14.0,16.0,6.9025,2023,10,24286,3,71,2.0,2.0,2.0,2.0,0.0,0.0,110.0,1.999999999999988
2023-11-30,Albemarle,VA,Passenger,2.0,0.0,2.0,14.0,16.0,6.9025,2023,11,24287,3,72,2.0,2.0,2.0,2.0,0.0,0.0,112.0,1.9999999999999911
2023-12-31,Albemarle,VA,Passenger,2.0,0.0,2.0,14.0,16.0,6.9025,2023,12,24288,3,73,2.0,2.0,2.0,2.0,0.0,0.0,114.0,1.999999999999994
2024-01-31,Albemarle,VA,Passenger,2.0,0.0,2.0,14.0,16.0,6.9025,2024,1,24289,3,74,2.0,2.0,2.0,2.0,0.0,0.0,116.0,1.999999999999991
2024-02-29,Albemarle,VA,Passenger,2.0,0.0,2.0,14.0,16.0,6.9025,2024,2,24290,3,75,2.0,2.0,2.0,2.0,0.0,0.0,118.0,1.999999999999983
2019-06-30,Alexandria,VA,Passenger,1.0,0.0,1.0,142.0,143.0,0.7,2019,6,24234,4,5,1.0,1.0,1.0,1.0,0.0,0.0,6.0,1.0000000000000002
2019-07-31,Alexandria,VA,Passenger,1.0,0.0,1.0,142.0,143.0,0.7,2019,7,24235,4,6,1.0,1.0,1.0,1.0,0.0,0.0,7.0,1.0
2019-08-31,Alexandria,VA,Passenger,1.0,0.0,1.0,142.0,143.0,0.7,2019,8,24236,4,7,1.0,1.0,1.0,1.0,0.0,0.0,8.0,1.0
2019-09-30,Alexandria,VA,Passenger,1.0,0.0,1.0,142.0,143.0,0.7,2019,9,24237,4,8,1.0,1.0,1.0,1.0,0.0,0.0,9.0,1.0000000000000002
2019-10-31,Alexandria,VA,Passenger,1.0,0.0,1.0,142.0,143.0,0.7,2019,10,24238,4,9,1.0,1.0,1.0,1.0,0.0,0.0,10.0,0.9999999999999996
2019-11-30,Alexandria,VA,Passenger,1.0,0.0,1.0,143.0,144.0,0.69,2019,11,24239,4,10,1.0,1.0,1.0,1.0,0.0,0.0,11.0,1.0
2019-12-31,Alexandria,VA,Passenger,1.0,0.0,1.0,143.0,144.0,0.69,2019,12,24240,4,11,1.0,1.0,1.0,1.0,0.0,0.0,12.0,0.9999999999999996
2020-01-31,Alexandria,VA,Passenger,1.0,0.0,1.0,143.0,144.0,0.69,2020,1,24241,4,12,1.0,1.0,1.0,1.0,0.0,0.0,13.0,1.0
2020-02-29,Alexandria,VA,Passenger,1.0,0.0,1.0,140.0,141.0,0.71,2020,2,24242,4,13,1.0,1.0,1.0,1.0,0.0,0.0,14.0,0.9999999999999992
2020-03-31,Alexandria,VA,Passenger,1.0,0.0,1.0,138.0,139.0,0.72,2020,3,24243,4,14,1.0,1.0,1.0,1.0,0.0,0.0,15.0,0.9999999999999996
2020-04-30,Alexandria,VA,Passenger,1.0,0.0,1.0,136.0,137.0,0.73,2020,4,24244,4,15,1.0,1.0,1.0,1.0,0.0,0.0,16.0,0.999999999999999
2020-05-31,Alexandria,VA,Passenger,2.0,0.0,2.0,136.0,138.0,1.45,2020,5,24245,4,16,1.0,1.0,1.0,1.0,1.0,1.0,18.0,1.1428571428571417
2020-06-30,Alexandria,VA,Passenger,2.0,0.0,2.0,136.0,138.0,1.45,2020,6,24246,4,17,2.0,1.0,1.0,1.3333333333333333,0.0,1.0,20.0,1.371428571428571
2020-07-31,Alexandria,VA,Passenger,3.0,0.0,3.0,133.0,136.0,2.21,2020,7,24247,4,18,2.0,2.0,1.0,1.6666666666666667,0.5,2.0,23.0,1.7714285714285696
2020-08-31,Alexandria,VA,Passenger,3.0,0.0,3.0,129.0,132.0,2.27,2020,8,24248,4,19,3.0,2.0,2.0,2.333333333333333,0.0,0.5,26.0,2.228571428571427
2020-09-30,Alexandria,VA,Passenger,3.0,0.0,3.0,131.0,134.0,2.24,2020,9,24249,4,20,3.0,3.0,2.0,2.6666666666666665,0.0,0.5,29.0,2.628571428571427
2020-10-31,Alexandria,VA,Passenger,3.0,0.0,3.0,131.0,134.0,2.24,2020,10,24250,4,21,3.0,3.0,3.0,3.0,0.0,0.0,32.0,2.857142857142854
2020-11-30,Alexandria,VA,Passenger,3.0,0.0,3.0,130.0,133.0,2.26,2020,11,24251,4,22,3.0,3.0,3.0,3.0,0.0,0.0,35.0,2.9999999999999973
2020-12-31,Alexandria,VA,Passenger,3.0,0.0,3.0,130.0,133.0,2.26,2020,12,24252,4,23,3.0,3.0,3.0,3.0,0.0,0.0,38.0,2.9999999999999973
2021-01-31,Alexandria,VA,Passenger,3.0,0.0,3.0,129.0,132.0,2.27,2021,1,24253,4,24,3.0,3.0,3.0,3.0,0.0,0.0,41.0,2.9999999999999982
2021-02-28,Alexandria,VA,Passenger,3.0,0.0,3.0,130.0,133.0,2.26,2021,2,24254,4,25,3.0,3.0,3.0,3.0,0.0,0.0,44.0,2.9999999999999982
2021-03-31,Alexandria,VA,Passenger,3.0,0.0,3.0,128.0,131.0,2.29,2021,3,24255,4,26,3.0,3.0,3.0,3.0,0.0,0.0,47.0,2.9999999999999964
2021-04-30,Alexandria,VA,Passenger,3.0,0.0,3.0,131.0,134.0,2.24,2021,4,24256,4,27,3.0,3.0,3.0,3.0,0.0,0.0,50.0,2.999999999999996
2021-05-31,Alexandria,VA,Passenger,3.0,0.0,3.0,127.0,130.0,2.31,2021,5,24257,4,28,3.0,3.0,3.0,3.0,0.0,0.0,53.0,2.9999999999999964
2021-06-30,Alexandria,VA,Passenger,3.0,0.0,3.0,120.0,123.0,2.44,2021,6,24258,4,29,3.0,3.0,3.0,3.0,0.0,0.0,56.0,2.9999999999999964
2021-07-31,Alexandria,VA,Passenger,3.0,0.0,3.0,118.0,121.0,2.48,2021,7,24259,4,30,3.0,3.0,3.0,3.0,0.0,0.0,59.0,2.9999999999999964
2021-08-31,Alexandria,VA,Passenger,3.0,0.0,3.0,120.0,123.0,2.44,2021,8,24260,4,31,3.0,3.0,3.0,3.0,0.0,0.0,62.0,2.9999999999999933
2021-09-30,Alexandria,VA,Passenger,3.0,0.0,3.0,122.0,125.0,2.4,2021,9,24261,4,32,3.0,3.0,3.0,3.0,0.0,0.0,65.0,2.9999999999999925
2021-10-31,Alexandria,VA,Passenger,3.0,0.0,3.0,121.0,124.0,2.42,2021,10,24262,4,33,3.0,3.0,3.0,3.0,0.0,0.0,68.0,2.999999999999995
2021-11-30,Alexandria,VA,Passenger,3.0,0.0,3.0,117.0,120.0,2.5,2021,11,24263,4,34,3.0,3.0,3.0,3.0,0.0,0.0,71.0,3.0000000000000004
2021-12-31,Alexandria,VA,Passenger,3.0,0.0,3.0,114.0,117.0,2.56,2021,12,24264,4,35,3.0,3.0,3.0,3.0,0.0,0.0,74.0,2.999999999999992
2022-01-31,Alexandria,VA,Passenger,4.0,0.0,4.0,110.0,114.0,3.51,2022,1,24265,4,36,3.0,3.0,3.0,3.0,0.3333333333333332,0.3333333333333332,78.0,3.142857142857133
2022-02-28,Alexandria,VA,Passenger,4.0,0.0,4.0,111.0,115.0,3.48,2022,2,24266,4,37,4.0,3.0,3.0,3.333333333333333,0.0,0.3333333333333332,82.0,3.3714285714285617
2022-03-31,Alexandria,VA,Passenger,4.0,0.0,4.0,108.0,112.0,3.57,2022,3,24267,4,38,4.0,4.0,3.0,3.6666666666666665,0.0,0.3333333333333332,86.0,3.6285714285714255
2022-04-30,Alexandria,VA,Passenger,4.0,0.0,4.0,108.0,112.0,3.57,2022,4,24268,4,39,4.0,4.0,4.0,4.0,0.0,0.0,90.0,3.857142857142851
2022-05-31,Alexandria,VA,Passenger,4.0,0.0,4.0,106.0,110.0,3.64,2022,5,24269,4,40,4.0,4.0,4.0,4.0,0.0,0.0,94.0,3.99999999999999
2022-06-30,Alexandria,VA,Passenger,4.0,0.0,4.0,108.0,112.0,3.57,2022,6,24270,4,41,4.0,4.0,4.0,4.0,0.0,0.0,98.0,3.999999999999997
2022-07-31,Alexandria,VA,Passenger,4.0,0.0,4.0,106.0,110.0,3.64,2022,7,24271,4,42,4.0,4.0,4.0,4.0,0.0,0.0,102.0,3.999999999999996
2022-08-31,Alexandria,VA,Passenger,4.0,0.0,4.0,103.0,107.0,3.74,2022,8,24272,4,43,4.0,4.0,4.0,4.0,0.0,0.0,106.0,3.999999999999993
2022-09-30,Alexandria,VA,Passenger,4.0,0.0,4.0,100.0,104.0,3.85,2022,9,24273,4,44,4.0,4.0,4.0,4.0,0.0,0.0,110.0,3.999999999999985
2022-10-31,Alexandria,VA,Passenger,4.0,0.0,4.0,100.0,104.0,3.85,2022,10,24274,4,45,4.0,4.0,4.0,4.0,0.0,0.0,114.0,3.999999999999986
2022-11-30,Alexandria,VA,Passenger,4.0,1.0,5.0,97.0,102.0,4.9,2022,11,24275,4,46,4.0,4.0,4.0,4.0,0.25,0.25,119.0,4.1428571428571335
2022-12-31,Alexandria,VA,Passenger,3.0,1.0,4.0,96.0,100.0,4.0,2022,12,24276,4,47,5.0,4.0,4.0,4.333333333333333,-0.1999999999999999,0.0,123.0,4.228571428571416
2023-01-31,Alexandria,VA,Passenger,3.0,1.0,4.0,94.0,98.0,4.08,2023,1,24277,4,48,4.0,5.0,4.0,4.333333333333333,0.0,0.0,127.0,4.257142857142847
2023-02-28,Alexandria,VA,Passenger,3.0,1.0,4.0,92.0,96.0,4.17,2023,2,24278,4,49,4.0,4.0,5.0,4.333333333333333,0.0,-0.1999999999999999,131.0,4.228571428571416
2023-03-31,Alexandria,VA,Passenger,3.0,1.0,4.0,91.0,95.0,4.21,2023,3,24279,4,50,4.0,4.0,4.0,4.0,0.0,0.0,135.0,4.142857142857123
2023-04-30,Alexandria,VA,Passenger,3.0,1.0,4.0,91.0,95.0,4.21,2023,4,24280,4,51,4.0,4.0,4.0,4.0,0.0,0.0,139.0,3.999999999999994
2023-05-31,Alexandria,VA,Passenger,3.0,1.0,4.0,88.0,92.0,4.35,2023,5,24281,4,52,4.0,4.0,4.0,4.0,0.0,0.0,143.0,3.9999999999999902
2023-06-30,Alexandria,VA,Passenger,3.0,1.0,4.0,87.0,91.0,4.4,2023,6,24282,4,53,4.0,4.0,4.0,4.0,0.0,0.0,147.0,3.999999999999981
2023-07-31,Alexandria,VA,Passenger,3.0,1.0,4.0,85.0,89.0,4.49,2023,7,24283,4,54,4.0,4.0,4.0,4.0,0.0,0.0,151.0,3.99999999999998
2023-08-31,Alexandria,VA,Passenger,3.0,1.0,4.0,82.0,86.0,4.65,2023,8,24284,4,55,4.0,4.0,4.0,4.0,0.0,0.0,155.0,3.999999999999996
2023-09-30,Alexandria,VA,Passenger,3.0,1.0,4.0,78.0,82.0,4.88,2023,9,24285,4,56,4.0,4.0,4.0,4.0,0.0,0.0,159.0,3.999999999999978
2023-10-31,Alexandria,VA,Passenger,3.0,1.0,4.0,79.0,83.0,4.82,2023,10,24286,4,57,4.0,4.0,4.0,4.0,0.0,0.0,163.0,3.99999999999998
2023-11-30,Alexandria,VA,Passenger,3.0,0.0,3.0,77.0,80.0,3.75,2023,11,24287,4,58,4.0,4.0,4.0,4.0,-0.25,-0.25,166.0,3.8571428571428457
2023-12-31,Alexandria,VA,Passenger,3.0,0.0,3.0,75.0,78.0,3.85,2023,12,24288,4,59,3.0,4.0,4.0,3.6666666666666665,0.0,-0.25,169.0,3.628571428571416
2024-01-31,Alexandria,VA,Passenger,3.0,0.0,3.0,74.0,77.0,3.9,2024,1,24289,4,60,3.0,3.0,4.0,3.333333333333333,0.0,-0.25,172.0,3.3714285714285537
2024-02-29,Alexandria,VA,Passenger,3.0,0.0,3.0,73.0,76.0,3.95,2024,2,24290,4,61,3.0,3.0,3.0,3.0,0.0,0.0,175.0,3.1428571428571264
2017-06-30,Allegheny,PA,Passenger,1.0,0.0,1.0,93.0,94.0,1.06,2017,6,24210,5,5,1.0,1.0,1.0,1.0,0.0,0.0,6.0,1.0000000000000002
2017-07-31,Allegheny,PA,Passenger,1.0,0.0,1.0,90.0,91.0,1.1,2017,7,24211,5,6,1.0,1.0,1.0,1.0,0.0,0.0,7.0,1.0
2017-08-31,Allegheny,PA,Passenger,1.0,0.0,1.0,89.0,90.0,1.11,2017,8,24212,5,7,1.0,1.0,1.0,1.0,0.0,0.0,8.0,1.0
2017-09-30,Allegheny,PA,Passenger,1.0,0.0,1.0,87.0,88.0,1.14,2017,9,24213,5,8,1.0,1.0,1.0,1.0,0.0,0.0,9.0,1.0000000000000002
2017-10-31,Allegheny,PA,Passenger,1.0,0.0,1.0,91.0,92.0,1.09,2017,10,24214,5,9,1.0,1.0,1.0,1.0,0.0,0.0,10.0,0.9999999999999996
2017-11-30,Allegheny,PA,Passenger,1.0,0.0,1.0,92.0,93.0,1.08,2017,11,24215,5,10,1.0,1.0,1.0,1.0,0.0,0.0,11.0,1.0
2017-12-31,Allegheny,PA,Passenger,1.0,0.0,1.0,86.0,87.0,1.15,2017,12,24216,5,11,1.0,1.0,1.0,1.0,0.0,0.0,12.0,0.9999999999999996
2018-01-31,Allegheny,PA,Passenger,1.0,0.0,1.0,86.0,87.0,1.15,2018,1,24217,5,12,1.0,1.0,1.0,1.0,0.0,0.0,13.0,1.0
2018-02-28,Allegheny,PA,Passenger,1.0,0.0,1.0,84.0,85.0,1.18,2018,2,24218,5,13,1.0,1.0,1.0,1.0,0.0,0.0,14.0,0.9999999999999992
2018-03-31,Allegheny,PA,Passenger,1.0,0.0,1.0,81.0,82.0,1.22,2018,3,24219,5,14,1.0,1.0,1.0,1.0,0.0,0.0,15.0,0.9999999999999996
2018-04-30,Allegheny,PA,Passenger,1.0,0.0,1.0,80.0,81.0,1.23,2018,4,24220,5,15,1.0,1.0,1.0,1.0,0.0,0.0,16.0,0.999999999999999
2018-05-31,Allegheny,PA,Passenger,1.0,0.0,1.0,79.0,80.0,1.25,2018,5,24221,5,16,1.0,1.0,1.0,1.0,0.0,0.0,17.0,0.999999999999998
2018-06-30,Allegheny,PA,Passenger,1.0,0.0,1.0,82.0,83.0,1.2,2018,6,24222,5,17,1.0,1.0,1.0,1.0,0.0,0.0,18.0,0.9999999999999996
2018-07-31,Allegheny,PA,Passenger,1.0,0.0,1.0,83.0,84.0,1.19,2018,7,24223,5,18,1.0,1.0,1.0,1.0,0.0,0.0,19.0,0.9999999999999982
2018-08-31,Allegheny,PA,Passenger,1.0,0.0,1.0,84.0,85.0,1.18,2018,8,24224,5,19,1.0,1.0,1.0,1.0,0.0,0.0,20.0,0.999999999999998
2018-09-30,Allegheny,PA,Passenger,1.0,0.0,1.0,86.0,87.0,1.15,2018,9,24225,5,20,1.0,1.0,1.0,1.0,0.0,0.0,21.0,0.999999999999999
2018-10-31,Allegheny,PA,Passenger,1.0,0.0,1.0,90.0,91.0,1.1,2018,10,24226,5,21,1.0,1.0,1.0,1.0,0.0,0.0,22.0,0.999999999999998
2018-11-30,Allegheny,PA,Passenger,1.0,0.0,1.0,91.0,92.0,1.09,2018,11,24227,5,22,1.0,1.0,1.0,1.0,0.0,0.0,23.0,0.9999999999999974
2018-12-31,Allegheny,PA,Passenger,1.0,0.0,1.0,88.0,89.0,1.12,2018,12,24228,5,23,1.0,1.0,1.0,1.0,0.0,0.0,24.0,0.9999999999999976
2019-01-31,Allegheny,PA,Passenger,1.0,0.0,1.0,91.0,92.0,1.09,2019,1,24229,5,24,1.0,1.0,1.0,1.0,0.0,0.0,25.0,0.9999999999999976
2019-02-28,Allegheny,PA,Passenger,1.0,0.0,1.0,90.0,91.0,1.1,2019,2,24230,5,25,1.0,1.0,1.0,1.0,0.0,0.0,26.0,0.999999999999999
2019-03-31,Allegheny,PA,Passenger,1.0,0.0,1.0,92.0,93.0,1.08,2019,3,24231,5,26,1.0,1.0,1.0,1.0,0.0,0.0,27.0,0.9999999999999992
2019-04-30,Allegheny,PA,Passenger,1.0,0.0,1.0,91.0,92.0,1.09,2019,4,24232,5,27,1.0,1.0,1.0,1.0,0.0,0.0,28.0,0.9999999999999972
2019-05-31,Allegheny,PA,Passenger,1.0,0.0,1.0,90.0,91.0,1.1,2019,5,24233,5,28,1.0,1.0,1.0,1.0,0.0,0.0,29.0,0.9999999999999982
2019-06-30,Allegheny,PA,Passenger,1.0,0.0,1.0,85.0,86.0,1.16,2019,6,24234,5,29,1.0,1.0,1.0,1.0,0.0,0.0,30.0,0.9999999999999968
2019-07-31,Allegheny,PA,Passenger,1.0,0.0,1.0,86.0,87.0,1.15,2019,7,24235,5,30,1.0,1.0,1.0,1.0,0.0,0.0,31.0,0.9999999999999976
2019-08-31,Allegheny,PA,Passenger,1.0,0.0,1.0,87.0,88.0,1.14,2019,8,24236,5,31,1.0,1.0,1.0,1.0,0.0,0.0,32.0,0.999999999999996
2019-09-30,Allegheny,PA,Passenger,1.0,0.0,1.0,87.0,88.0,1.14,2019,9,24237,5,32,1.0,1.0,1.0,1.0,0.0,0.0,33.0,0.9999999999999968
2019-10-31,Allegheny,PA,Passenger,1.0,0.0,1.0,86.0,87.0,1.15,2019,10,24238,5,33,1.0,1.0,1.0,1.0,0.0,0.0,34.0,0.999999999999996
2019-11-30,Allegheny,PA,Passenger,1.0,0.0,1.0,86.0,87.0,1.15,2019,11,24239,5,34,1.0,1.0,1.0,1.0,0.0,0.0,35.0,0.999999999999995
2019-12-31,Allegheny,PA,Passenger,1.0,0.0,1.0,83.0,84.0,1.19,2019,12,24240,5,35,1.0,1.0,1.0,1.0,0.0,0.0,36.0,0.9999999999999978
2020-01-31,Allegheny,PA,Passenger,1.0,0.0,1.0,83.0,84.0,1.19,2020,1,24241,5,36,1.0,1.0,1.0,1.0,0.0,0.0,37.0,0.9999999999999968
2020-02-29,Allegheny,PA,Passenger,1.0,0.0,1.0,82.0,83.0,1.2,2020,2,24242,5,37,1.0,1.0,1.0,1.0,0.0,0.0,38.0,0.9999999999999992
2020-03-31,Allegheny,PA,Passenger,1.0,0.0,1.0,83.0,84.0,1.19,2020,3,24243,5,38,1.0,1.0,1.0,1.0,0.0,0.0,39.0,0.999999999999994
2020-04-30,Allegheny,PA,Passenger,1.0,0.0,1.0,83.0,84.0,1.19,2020,4,24244,5,39,1.0,1.0,1.0,1.0,0.0,0.0,40.0,0.9999999999999972
2020-05-31,Allegheny,PA,Passenger,1.0,0.0,1.0,81.0,82.0,1.22,2020,5,24245,5,40,1.0,1.0,1.0,1.0,0.0,0.0,41.0,0.9999999999999988
2020-06-30,Allegheny,PA,Passenger,1.0,0.0,1.0,80.0,81.0,1.23,2020,6,24246,5,41,1.0,1.0,1.0,1.0,0.0,0.0,42.0,0.9999999999999968
2020-07-31,Allegheny,PA,Passenger,1.0,0.0,1.0,81.0,82.0,1.22,2020,7,24247,5,42,1.0,1.0,1.0,1.0,0.0,0.0,43.0,0.9999999999999948
2020-08-31,Allegheny,PA,Passenger,1.0,0.0,1.0,80.0,81.0,1.23,2020,8,24248,5,43,1.0,1.0,1.0,1.0,0.0,0.0,44.0,0.9999999999999966
2020-09-30,Allegheny,PA,Passenger,1.0,0.0,1.0,77.0,78.0,1.28,2020,9,24249,5,44,1.0,1.0,1.0,1.0,0.0,0.0,45.0,0.999999999999997
2020-10-31,Allegheny,PA,Passenger,1.0,0.0,1.0,77.0,78.0,1.28,2020,10,24250,5,45,1.0,1.0,1.0,1.0,0.0,0.0,46.0,0.999999999999997
2020-11-30,Allegheny,PA,Passenger,1.0,1.0,2.0,75.0,77.0,2.6,2020,11,24251,5,46,1.0,1.0,1.0,1.0,1.0,1.0,48.0,1.1428571428571386
2020-12-31,Allegheny,PA,Passenger,1.0,1.0,2.0,75.0,77.0,2.6,2020,12,24252,5,47,2.0,1.0,1.0,1.3333333333333333,0.0,1.0,50.0,1.3714285714285663
2021-01-31,Allegheny,PA,Passenger,1.0,1.0,2.0,74.0,76.0,2.63,2021,1,24253,5,48,2.0,2.0,1.0,1.6666666666666667,0.0,1.0,52.0,1.6285714285714257
2021-02-28,Allegheny,PA,Passenger,1.0,1.0,2.0,74.0,76.0,2.63,2021,2,24254,5,49,2.0,2.0,2.0,2.0,0.0,0.0,54.0,1.8571428571428528
2021-03-31,Allegheny,PA,Passenger,1.0,1.0,2.0,74.0,76.0,2.63,2021,3,24255,5,50,2.0,2.0,2.0,2.0,0.0,0.0,56.0,1.9999999999999944
2021-04-30,Allegheny,PA,Passenger,1.0,1.0,2.0,73.0,75.0,2.67,2021,4,24256,5,51,2.0,2.0,2.0,2.0,0.0,0.0,58.0,1.9999999999999964
2021-05-31,Allegheny,PA,Passenger,1.0,1.0,2.0,73.0,75.0,2.67,2021,5,24257,5,52,2.0,2.0,2.0,2.0,0.0,0.0,60.0,1.9999999999999936
2021-06-30,Allegheny,PA,Passenger,1.0,1.0,2.0,71.0,73.0,2.74,2021,6,24258,5,53,2.0,2.0,2.0,2.0,0.0,0.0,62.0,1.9999999999999951
2021-07-31,Allegheny,PA,Passenger,1.0,1.0,2.0,73.0,75.0,2.67,2021,7,24259,5,54,2.0,2.0,2.0,2.0,0.0,0.0,64.0,1.999999999999992
2021-08-31,Allegheny,PA,Passenger,1.0,1.0,2.0,72.0,74.0,2.7,2021,8,24260,5,55,2.0,2.0,2.0,2.0,0.0,0.0,66.0,1.9999999999999936
2021-09-30,Allegheny,PA,Passenger,1.0,1.0,2.0,74.0,76.0,2.63,2021,9,24261,5,56,2.0,2.0,2.0,2.0,0.0,0.0,68.0,1.999999999999992
2021-10-31,Allegheny,PA,Passenger,1.0,1.0,2.0,71.0,73.0,2.74,2021,10,24262,5,57,2.0,2.0,2.0,2.0,0.0,0.0,70.0,1.99999999999999
2021-11-30,Allegheny,PA,Passenger,1.0,1.0,2.0,70.0,72.0,2.78,2021,11,24263,5,58,2.0,2.0,2.0,2.0,0.0,0.0,72.0,1.999999999999996
2021-12-31,Allegheny,PA,Passenger,1.0,1.0,2.0,67.0,69.0,2.9,2021,12,24264,5,59,2.0,2.0,2.0,2.0,0.0,0.0,74.0,1.9999999999999936
2022-01-31,Allegheny,PA,Passenger,1.0,1.0,2.0,67.0,69.0,2.9,2022,1,24265,5,60,2.0,2.0,2.0,2.0,0.0,0.0,76.0,1.9999999999999984
2022-02-28,Allegheny,PA,Passenger,1.0,1.0,2.0,65.0,67.0,2.99,2022,2,24266,5,61,2.0,2.0,2.0,2.0,0.0,0.0,78.0,1.999999999999988
2022-03-31,Allegheny,PA,Passenger,1.0,1.0,2.0,65.0,67.0,2.99,2022,3,24267,5,62,2.0,2.0,2.0,2.0,0.0,0.0,80.0,1.999999999999995
2022-04-30,Allegheny,PA,Passenger,1.0,1.0,2.0,65.0,67.0,2.99,2022,4,24268,5,63,2.0,2.0,2.0,2.0,0.0,0.0,82.0,1.9999999999999976
2022-05-31,Allegheny,PA,Passenger,1.0,1.0,2.0,64.0,66.0,3.03,2022,5,24269,5,64,2.0,2.0,2.0,2.0,0.0,0.0,84.0,1.9999999999999936
2022-06-30,Allegheny,PA,Passenger,1.0,1.0,2.0,63.0,65.0,3.08,2022,6,24270,5,65,2.0,2.0,2.0,2.0,0.0,0.0,86.0,1.9999999999999896
2022-07-31,Allegheny,PA,Passenger,1.0,1.0,2.0,64.0,66.0,3.03,2022,7,24271,5,66,2.0,2.0,2.0,2.0,0.0,0.0,88.0,1.999999999999993
2022-08-31,Allegheny,PA,Passenger,1.0,1.0,2.0,64.0,66.0,3.03,2022,8,24272,5,67,2.0,2.0,2.0,2.0,0.0,0.0,90.0,1.999999999999994
2022-09-30,Allegheny,PA,Passenger,1.0,1.0,2.0,63.0,65.0,3.08,2022,9,24273,5,68,2.0,2.0,2.0,2.0,0.0,0.0,92.0,1.999999999999994
2022-10-31,Allegheny,PA,Passenger,1.0,1.0,2.0,62.0,64.0,3.12,2022,10,24274,5,69,2.0,2.0,2.0,2.0,0.0,0.0,94.0,1.999999999999993
2022-11-30,Allegheny,PA,Passenger,1.0,0.0,1.0,61.0,62.0,1.61,2022,11,24275,5,70,2.0,2.0,2.0,2.0,-0.5,-0.5,95.0,1.8571428571428457
2022-12-31,Allegheny,PA,Passenger,1.0,0.0,1.0,61.0,62.0,1.61,2022,12,24276,5,71,1.0,2.0,2.0,1.6666666666666667,0.0,-0.5,96.0,1.628571428571417
2023-01-31,Allegheny,PA,Passenger,1.0,0.0,1.0,61.0,62.0,1.61,2023,1,24277,5,72,1.0,1.0,2.0,1.3333333333333333,0.0,-0.5,97.0,1.371428571428564
2023-02-28,Allegheny,PA,Passenger,1.0,0.0,1.0,59.0,60.0,1.67,2023,2,24278,5,73,1.0,1.0,1.0,1.0,0.0,0.0,98.0,1.1428571428571337
2023-09-30,Allegheny,PA,Passenger,1.0,0.0,1.0,51.0,52.0,1.92,2023,9,24285,5,74,1.0,1.0,1.0,1.0,0.0,0.0,99.0,0.9999999999999868
2023-10-31,Allegheny,PA,Passenger,1.0,0.0,1.0,50.0,51.0,1.96,2023,10,24286,5,75,1.0,1.0,1.0,1.0,0.0,0.0,100.0,0.9999999999999892
2023-11-30,Allegheny,PA,Passenger,1.0,0.0,1.0,48.0,49.0,2.04,2023,11,24287,5,76,1.0,1.0,1.0,1.0,0.0,0.0,101.0,0.9999999999999954
2023-12-31,Allegheny,PA,Passenger,1.0,0.0,1.0,46.0,47.0,2.13,2023,12,24288,5,77,1.0,1.0,1.0,1.0,0.0,0.0,102.0,0.999999999999992
2024-01-31,Allegheny,PA,Passenger,1.0,0.0,1.0,44.0,45.0,2.22,2024,1,24289,5,78,1.0,1.0,1.0,1.0,0.0,0.0,103.0,0.9999999999999952
2024-02-29,Allegheny,PA,Passenger,1.0,0.0,1.0,43.0,44.0,2.27,2024,2,24290,5,79,1.0,1.0,1.0,1.0,0.0,0.0,104.0,0.9999999999999892
2021-09-30,Allen,IN,Passenger,1.0,0.0,1.0,19.0,20.0,5.0,2021,9,24261,6,5,1.0,1.0,1.0,1.0,0.0,0.0,6.0,1.0000000000000002
2021-10-31,Allen,IN,Passenger,1.0,0.0,1.0,20.0,21.0,4.76,2021,10,24262,6,6,1.0,1.0,1.0,1.0,0.0,0.0,7.0,1.0
2021-11-30,Allen,IN,Passenger,1.0,0.0,1.0,19.0,20.0,5.0,2021,11,24263,6,7,1.0,1.0,1.0,1.0,0.0,0.0,8.0,1.0
2021-12-31,Allen,IN,Passenger,1.0,0.0,1.0,19.0,20.0,5.0,2021,12,24264,6,8,1.0,1.0,1.0,1.0,0.0,0.0,9.0,1.0000000000000002
2022-01-31,Allen,IN,Passenger,1.0,0.0,1.0,19.0,20.0,5.0,2022,1,24265,6,9,1.0,1.0,1.0,1.0,0.0,0.0,10.0,0.9999999999999996
2022-02-28,Allen,IN,Passenger,1.0,0.0,1.0,19.0,20.0,5.0,2022,2,24266,6,10,1.0,1.0,1.0,1.0,0.0,0.0,11.0,1.0
2022-03-31,Allen,IN,Passenger,1.0,0.0,1.0,19.0,20.0,5.0,2022,3,24267,6,11,1.0,1.0,1.0,1.0,0.0,0.0,12.0,0.9999999999999996
2022-04-30,Allen,IN,Passenger,1.0,0.0,1.0,18.0,19.0,5.26,2022,4,24268,6,12,1.0,1.0,1.0,1.0,0.0,0.0,13.0,1.0
2022-05-31,Allen,IN,Passenger,1.0,0.0,1.0,18.0,19.0,5.26,2022,5,24269,6,13,1.0,1.0,1.0,1.0,0.0,0.0,14.0,0.9999999999999992
2022-06-30,Allen,IN,Passenger,1.0,0.0,1.0,18.0,19.0,5.26,2022,6,24270,6,14,1.0,1.0,1.0,1.0,0.0,0.0,15.0,0.9999999999999996
2022-07-31,Allen,IN,Passenger,1.0,0.0,1.0,18.0,19.0,5.26,2022,7,24271,6,15,1.0,1.0,1.0,1.0,0.0,0.0,16.0,0.999999999999999
2022-08-31,Allen,IN,Passenger,1.0,0.0,1.0,17.0,18.0,5.56,2022,8,24272,6,16,1.0,1.0,1.0,1.0,0.0,0.0,17.0,0.999999999999998
2022-09-30,Allen,IN,Passenger,1.0,0.0,1.0,18.0,19.0,5.26,2022,9,24273,6,17,1.0,1.0,1.0,1.0,0.0,0.0,18.0,0.9999999999999996
2022-10-31,Allen,IN,Passenger,1.0,0.0,1.0,18.0,19.0,5.26,2022,10,24274,6,18,1.0,1.0,1.0,1.0,0.0,0.0,19.0,0.9999999999999982
2022-11-30,Allen,IN,Passenger,1.0,0.0,1.0,17.0,18.0,5.56,2022,11,24275,6,19,1.0,1.0,1.0,1.0,0.0,0.0,20.0,0.999999999999998
2022-12-31,Allen,IN,Passenger,1.0,0.0,1.0,17.0,18.0,5.56,2022,12,24276,6,20,1.0,1.0,1.0,1.0,0.0,0.0,21.0,0.999999999999999
2023-01-31,Allen,IN,Passenger,1.0,0.0,1.0,17.0,18.0,5.56,2023,1,24277,6,21,1.0,1.0,1.0,1.0,0.0,0.0,22.0,0.999999999999998
2023-02-28,Allen,IN,Passenger,1.0,0.0,1.0,17.0,18.0,5.56,2023,2,24278,6,22,1.0,1.0,1.0,1.0,0.0,0.0,23.0,0.9999999999999974
2023-03-31,Allen,IN,Passenger,1.0,0.0,1.0,16.0,17.0,5.88,2023,3,24279,6,23,1.0,1.0,1.0,1.0,0.0,0.0,24.0,0.9999999999999976
2023-04-30,Allen,IN,Passenger,1.0,0.0,1.0,15.0,16.0,6.25,2023,4,24280,6,24,1.0,1.0,1.0,1.0,0.0,0.0,25.0,0.9999999999999976
2023-05-31,Allen,IN,Passenger,1.0,0.0,1.0,13.0,14.0,6.9025,2023,5,24281,6,25,1.0,1.0,1.0,1.0,0.0,0.0,26.0,0.999999999999999
2023-06-30,Allen,IN,Passenger,1.0,0.0,1.0,12.0,13.0,6.9025,2023,6,24282,6,26,1.0,1.0,1.0,1.0,0.0,0.0,27.0,0.9999999999999992
2023-07-31,Allen,IN,Passenger,1.0,0.0,1.0,10.0,11.0,6.9025,2023,7,24283,6,27,1.0,1.0,1.0,1.0,0.0,0.0,28.0,0.9999999999999972
2023-08-31,Allen,IN,Passenger,1.0,0.0,1.0,10.0,11.0,6.9025,2023,8,24284,6,28,1.0,1.0,1.0,1.0,0.0,0.0,29.0,0.9999999999999982
2023-09-30,Allen,IN,Passenger,1.0,0.0,1.0,10.0,11.0,6.9025,2023,9,24285,6,29,1.0,1.0,1.0,1.0,0.0,0.0,30.0,0.9999999999999968
2023-10-31,Allen,IN,Passenger,1.0,0.0,1.0,10.0,11.0,6.9025,2023,10,24286,6,30,1.0,1.0,1.0,1.0,0.0,0.0,31.0,0.9999999999999976
2023-11-30,Allen,IN,Passenger,1.0,0.0,1.0,9.0,10.0,6.9025,2023,11,24287,6,31,1.0,1.0,1.0,1.0,0.0,0.0,32.0,0.999999999999996
2023-12-31,Allen,IN,Passenger,1.0,0.0,1.0,9.0,10.0,6.9025,2023,12,24288,6,32,1.0,1.0,1.0,1.0,0.0,0.0,33.0,0.9999999999999968
2024-01-31,Allen,IN,Passenger,1.0,0.0,1.0,10.0,11.0,6.9025,2024,1,24289,6,33,1.0,1.0,1.0,1.0,0.0,0.0,34.0,0.999999999999996
2024-02-29,Allen,IN,Passenger,1.0,1.0,2.0,10.0,12.0,6.9025,2024,2,24290,6,34,1.0,1.0,1.0,1.0,1.0,1.0,36.0,1.1428571428571404
2021-04-30,Anchorage,AK,Passenger,1.0,0.0,1.0,150.0,151.0,0.66,2021,4,24256,7,5,1.0,1.0,1.0,1.0,0.0,0.0,6.0,1.0000000000000002
2021-05-31,Anchorage,AK,Passenger,1.0,0.0,1.0,147.0,148.0,0.68,2021,5,24257,7,6,1.0,1.0,1.0,1.0,0.0,0.0,7.0,1.0
2021-06-30,Anchorage,AK,Passenger,1.0,0.0,1.0,143.0,144.0,0.69,2021,6,24258,7,7,1.0,1.0,1.0,1.0,0.0,0.0,8.0,1.0
2021-07-31,Anchorage,AK,Passenger,1.0,0.0,1.0,141.0,142.0,0.7,2021,7,24259,7,8,1.0,1.0,1.0,1.0,0.0,0.0,9.0,1.0000000000000002
2021-08-31,Anchorage,AK,Passenger,1.0,0.0,1.0,146.0,147.0,0.68,2021,8,24260,7,9,1.0,1.0,1.0,1.0,0.0,0.0,10.0,0.9999999999999996
2021-09-30,Anchorage,AK,Passenger,1.0,0.0,1.0,148.0,149.0,0.67,2021,9,24261,7,10,1.0,1.0,1.0,1.0,0.0,0.0,11.0,1.0
2021-10-31,Anchorage,AK,Passenger,1.0,0.0,1.0,145.0,146.0,0.68,2021,10,24262,7,11,1.0,1.0,1.0,1.0,0.0,0.0,12.0,0.9999999999999996
2021-11-30,Anchorage,AK,Passenger,2.0,0.0,2.0,138.0,140.0,1.43,2021,11,24263,7,12,1.0,1.0,1.0,1.0,1.0,1.0,14.0,1.142857142857142
2021-12-31,Anchorage,AK,Passenger,2.0,0.0,2.0,138.0,140.0,1.43,2021,12,24264,7,13,2.0,1.0,1.0,1.3333333333333333,0.0,1.0,16.0,1.371428571428571
2022-01-31,Anchorage,AK,Passenger,2.0,0.0,2.0,138.0,140.0,1.43,2022,1,24265,7,14,2.0,2.0,1.0,1.6666666666666667,0.0,1.0,18.0,1.628571428571427
2022-02-28,Anchorage,AK,Passenger,2.0,0.0,2.0,137.0,139.0,1.44,2022,2,24266,7,15,2.0,2.0,2.0,2.0,0.0,0.0,20.0,1.857142857142856
2022-03-31,Anchorage,AK,Passenger,2.0,0.0,2.0,136.0,138.0,1.45,2022,3,24267,7,16,2.0,2.0,2.0,2.0,0.0,0.0,22.0,2.0
2022-04-30,Anchorage,AK,Passenger,2.0,0.0,2.0,139.0,141.0,1.42,2022,4,24268,7,17,2.0,2.0,2.0,2.0,0.0,0.0,24.0,1.9999999999999996
2022-05-31,Anchorage,AK,Passenger,2.0,0.0,2.0,135.0,137.0,1.46,2022,5,24269,7,18,2.0,2.0,2.0,2.0,0.0,0.0,26.0,2.0
2022-06-30,Anchorage,AK,Passenger,2.0,0.0,2.0,132.0,134.0,1.49,2022,6,24270,7,19,2.0,2.0,2.0,2.0,0.0,0.0,28.0,1.9999999999999984
2022-07-31,Anchorage,AK,Passenger,2.0,0.0,2.0,131.0,133.0,1.5,2022,7,24271,7,20,2.0,2.0,2.0,2.0,0.0,0.0,30.0,1.9999999999999991
2022-08-31,Anchorage,AK,Passenger,2.0,0.0,2.0,128.0,130.0,1.54,2022,8,24272,7,21,2.0,2.0,2.0,2.0,0.0,0.0,32.0,1.999999999999998
2022-09-30,Anchorage,AK,Passenger,2.0,0.0,2.0,125.0,127.0,1.57,2022,9,24273,7,22,2.0,2.0,2.0,2.0,0.0,0.0,34.0,1.999999999999996
2022-10-31,Anchorage,AK,Passenger,1.0,0.0,1.0,125.0,126.0,0.79,2022,10,24274,7,23,2.0,2.0,2.0,2.0,-0.5,-0.5,35.0,1.8571428571428572
2022-11-30,Anchorage,AK,Passenger,1.0,0.0,1.0,123.0,124.0,0.81,2022,11,24275,7,24,1.0,2.0,2.0,1.6666666666666667,0.0,-0.5,36.0,1.6285714285714263
2022-12-31,Anchorage,AK,Passenger,1.0,0.0,1.0,120.0,121.0,0.83,2022,12,24276,7,25,1.0,1.0,2.0,1.3333333333333333,0.0,-0.5,37.0,1.3714285714285692
2023-01-31,Anchorage,AK,Passenger,1.0,0.0,1.0,119.0,120.0,0.83,2023,1,24277,7,26,1.0,1.0,1.0,1.0,0.0,0.0,38.0,1.14285714285714
2023-02-28,Anchorage,AK,Passenger,1.0,0.0,1.0,117.0,118.0,0.85,2023,2,24278,7,27,1.0,1.0,1.0,1.0,0.0,0.0,39.0,0.999999999999994
2023-03-31,Anchorage,AK,Passenger,1.0,0.0,1.0,111.0,112.0,0.89,2023,3,24279,7,28,1.0,1.0,1.0,1.0,0.0,0.0,40.0,0.9999999999999972
2023-04-30,Anchorage,AK,Passenger,1.0,0.0,1.0,105.0,106.0,0.94,2023,4,24280,7,29,1.0,1.0,1.0,1.0,0.0,0.0,41.0,0.9999999999999988
2023-05-31,Anchorage,AK,Passenger,1.0,0.0,1.0,105.0,106.0,0.94,2023,5,24281,7,30,1.0,1.0,1.0,1.0,0.0,0.0,42.0,0.9999999999999968
2023-06-30,Anchorage,AK,Passenger,1.0,0.0,1.0,101.0,102.0,0.98,2023,6,24282,7,31,1.0,1.0,1.0,1.0,0.0,0.0,43.0,0.9999999999999948
2023-07-31,Anchorage,AK,Passenger,1.0,0.0,1.0,99.0,100.0,1.0,2023,7,24283,7,32,1.0,1.0,1.0,1.0,0.0,0.0,44.0,0.9999999999999966
2023-08-31,Anchorage,AK,Passenger,1.0,0.0,1.0,93.0,94.0,1.06,2023,8,24284,7,33,1.0,1.0,1.0,1.0,0.0,0.0,45.0,0.999999999999997
2023-09-30,Anchorage,AK,Passenger,1.0,0.0,1.0,89.0,90.0,1.11,2023,9,24285,7,34,1.0,1.0,1.0,1.0,0.0,0.0,46.0,0.999999999999997
2023-10-31,Anchorage,AK,Passenger,1.0,0.0,1.0,87.0,88.0,1.14,2023,10,24286,7,35,1.0,1.0,1.0,1.0,0.0,0.0,47.0,0.9999999999999964
2023-11-30,Anchorage,AK,Passenger,1.0,0.0,1.0,88.0,89.0,1.12,2023,11,24287,7,36,1.0,1.0,1.0,1.0,0.0,0.0,48.0,0.999999999999997
2023-12-31,Anchorage,AK,Passenger,1.0,0.0,1.0,83.0,84.0,1.19,2023,12,24288,7,37,1.0,1.0,1.0,1.0,0.0,0.0,49.0,0.9999999999999958
2024-01-31,Anchorage,AK,Passenger,1.0,0.0,1.0,80.0,81.0,1.23,2024,1,24289,7,38,1.0,1.0,1.0,1.0,0.0,0.0,50.0,0.9999999999999944
2024-02-29,Anchorage,AK,Passenger,1.0,0.0,1.0,77.0,78.0,1.28,2024,2,24290,7,39,1.0,1.0,1.0,1.0,0.0,0.0,51.0,0.9999999999999928
2017-06-30,Anne Arundel,MD,Passenger,0.0,1.0,1.0,496.0,497.0,0.2,2017,6,24210,8,5,1.0,1.0,1.0,1.0,0.0,0.0,6.0,1.0000000000000002
2017-07-31,Anne Arundel,MD,Passenger,0.0,1.0,1.0,498.0,499.0,0.2,2017,7,24211,8,6,1.0,1.0,1.0,1.0,0.0,0.0,7.0,1.0
2017-08-31,Anne Arundel,MD,Passenger,0.0,1.0,1.0,493.0,494.0,0.2,2017,8,24212,8,7,1.0,1.0,1.0,1.0,0.0,0.0,8.0,1.0
2017-09-30,Anne Arundel,MD,Passenger,0.0,1.0,1.0,491.0,492.0,0.2,2017,9,24213,8,8,1.0,1.0,1.0,1.0,0.0,0.0,9.0,1.0000000000000002
2017-10-31,Anne Arundel,MD,Passenger,0.0,1.0,1.0,483.0,484.0,0.21,2017,10,24214,8,9,1.0,1.0,1.0,1.0,0.0,0.0,10.0,0.9999999999999996
2017-11-30,Anne Arundel,MD,Passenger,0.0,1.0,1.0,487.0,488.0,0.2,2017,11,24215,8,10,1.0,1.0,1.0,1.0,0.0,0.0,11.0,1.0
2017-12-31,Anne Arundel,MD,Passenger,0.0,1.0,1.0,473.0,474.0,0.21,2017,12,24216,8,11,1.0,1.0,1.0,1.0,0.0,0.0,12.0,0.9999999999999996
2018-01-31,Anne Arundel,MD,Passenger,0.0,1.0,1.0,471.0,472.0,0.21,2018,1,24217,8,12,1.0,1.0,1.0,1.0,0.0,0.0,13.0,1.0
2018-02-28,Anne Arundel,MD,Passenger,0.0,1.0,1.0,473.0,474.0,0.21,2018,2,24218,8,13,1.0,1.0,1.0,1.0,0.0,0.0,14.0,0.9999999999999992
2018-03-31,Anne Arundel,MD,Passenger,0.0,1.0,1.0,466.0,467.0,0.21,2018,3,24219,8,14,1.0,1.0,1.0,1.0,0.0,0.0,15.0,0.9999999999999996
2018-04-30,Anne Arundel,MD,Passenger,0.0,1.0,1.0,449.0,450.0,0.22,2018,4,24220,8,15,1.0,1.0,1.0,1.0,0.0,0.0,16.0,0.999999999999999
2018-05-31,Anne Arundel,MD,Passenger,0.0,1.0,1.0,446.0,447.0,0.22,2018,5,24221,8,16,1.0,1.0,1.0,1.0,0.0,0.0,17.0,0.999999999999998
2018-11-30,Anne Arundel,MD,Passenger,0.0,1.0,1.0,447.0,448.0,0.22,2018,11,24227,8,17,1.0,1.0,1.0,1.0,0.0,0.0,18.0,0.9999999999999996
2018-12-31,Anne Arundel,MD,Passenger,0.0,1.0,1.0,448.0,449.0,0.22,2018,12,24228,8,18,1.0,1.0,1.0,1.0,0.0,0.0,19.0,0.9999999999999982
2019-01-31,Anne Arundel,MD,Passenger,0.0,1.0,1.0,446.0,447.0,0.22,2019,1,24229,8,19,1.0,1.0,1.0,1.0,0.0,0.0,20.0,0.999999999999998
2019-02-28,Anne Arundel,MD,Passenger,0.0,1.0,1.0,441.0,442.0,0.23,2019,2,24230,8,20,1.0,1.0,1.0,1.0,0.0,0.0,21.0,0.999999999999999
2019-03-31,Anne Arundel,MD,Passenger,0.0,1.0,1.0,447.0,448.0,0.22,2019,3,24231,8,21,1.0,1.0,1.0,1.0,0.0,0.0,22.0,0.999999999999998
2019-04-30,Anne Arundel,MD,Passenger,0.0,1.0,1.0,443.0,444.0,0.23,2019,4,24232,8,22,1.0,1.0,1.0,1.0,0.0,0.0,23.0,0.9999999999999974
2019-05-31,Anne Arundel,MD,Passenger,1.0,1.0,2.0,441.0,443.0,0.45,2019,5,24233,8,23,1.0,1.0,1.0,1.0,1.0,1.0,25.0,1.142857142857141
2019-06-30,Anne Arundel,MD,Passenger,1.0,1.0,2.0,435.0,437.0,0.46,2019,6,24234,8,24,2.0,1.0,1.0,1.3333333333333333,0.0,1.0,27.0,1.3714285714285686
2019-07-31,Anne Arundel,MD,Passenger,1.0,1.0,2.0,434.0,436.0,0.46,2019,7,24235,8,25,2.0,2.0,1.0,1.6666666666666667,0.0,1.0,29.0,1.6285714285714263
2019-08-31,Anne Arundel,MD,Passenger,1.0,1.0,2.0,432.0,434.0,0.46,2019,8,24236,8,26,2.0,2.0,2.0,2.0,0.0,0.0,31.0,1.857142857142856
2019-09-30,Anne Arundel,MD,Passenger,1.0,1.0,2.0,431.0,433.0,0.46,2019,9,24237,8,27,2.0,2.0,2.0,2.0,0.0,0.0,33.0,1.9999999999999984
2019-10-31,Anne Arundel,MD,Passenger,1.0,1.0,2.0,432.0,434.0,0.46,2019,10,24238,8,28,2.0,2.0,2.0,2.0,0.0,0.0,35.0,1.9999999999999964
2019-11-30,Anne Arundel,MD,Passenger,1.0,1.0,2.0,431.0,433.0,0.46,2019,11,24239,8,29,2.0,2.0,2.0,2.0,0.0,0.0,37.0,1.9999999999999964
2019-12-31,Anne Arundel,MD,Passenger,1.0,1.0,2.0,431.0,433.0,0.46,2019,12,24240,8,30,2.0,2.0,2.0,2.0,0.0,0.0,39.0,1.999999999999997
2020-01-31,Anne Arundel,MD,Passenger,1.0,1.0,2.0,429.0,431.0,0.46,2020,1,24241,8,31,2.0,2.0,2.0,2.0,0.0,0.0,41.0,1.999999999999997
2020-02-29,Anne Arundel,MD,Passenger,1.0,1.0,2.0,421.0,423.0,0.47,2020,2,24242,8,32,2.0,2.0,2.0,2.0,0.0,0.0,43.0,1.9999999999999984
2020-03-31,Anne Arundel,MD,Passenger,1.0,1.0,2.0,421.0,423.0,0.47,2020,3,24243,8,33,2.0,2.0,2.0,2.0,0.0,0.0,45.0,1.999999999999996
2020-04-30,Anne Arundel,MD,Passenger,0.0,1.0,1.0,412.0,413.0,0.24,2020,4,24244,8,34,2.0,2.0,2.0,2.0,-0.5,-0.5,46.0,1.857142857142852
2020-05-31,Anne Arundel,MD,Passenger,0.0,1.0,1.0,409.0,410.0,0.24,2020,5,24245,8,35,1.0,2.0,2.0,1.6666666666666667,0.0,-0.5,47.0,1.6285714285714257
2020-06-30,Anne Arundel,MD,Passenger,0.0,1.0,1.0,415.0,416.0,0.24,2020,6,24246,8,36,1.0,1.0,2.0,1.3333333333333333,0.0,-0.5,48.0,1.3714285714285663
2020-07-31,Anne Arundel,MD,Passenger,0.0,1.0,1.0,410.0,411.0,0.24,2020,7,24247,8,37,1.0,1.0,1.0,1.0,0.0,0.0,49.0,1.1428571428571388
2020-08-31,Anne Arundel,MD,Passenger,0.0,1.0,1.0,399.0,400.0,0.25,2020,8,24248,8,38,1.0,1.0,1.0,1.0,0.0,0.0,50.0,0.9999999999999944
2020-09-30,Anne Arundel,MD,Passenger,1.0,1.0,2.0,400.0,402.0,0.5,2020,9,24249,8,39,1.0,1.0,1.0,1.0,1.0,1.0,52.0,1.142857142857141
2020-10-31,Anne Arundel,MD,Passenger,1.0,1.0,2.0,402.0,404.0,0.5,2020,10,24250,8,40,2.0,1.0,1.0,1.3333333333333333,0.0,1.0,54.0,1.3714285714285654
2020-11-30,Anne Arundel,MD,Passenger,1.0,1.0,2.0,398.0,400.0,0.5,2020,11,24251,8,41,2.0,2.0,1.0,1.6666666666666667,0.0,1.0,56.0,1.628571428571425
2020-12-31,Anne Arundel,MD,Passenger,1.0,1.0,2.0,399.0,401.0,0.5,2020,12,24252,8,42,2.0,2.0,2.0,2.0,0.0,0.0,58.0,1.8571428571428503
2021-01-31,Anne Arundel,MD,Passenger,2.0,1.0,3.0,399.0,402.0,0.75,2021,1,24253,8,43,2.0,2.0,2.0,2.0,0.5,0.5,61.0,2.142857142857136
2021-02-28,Anne Arundel,MD,Passenger,2.0,1.0,3.0,394.0,397.0,0.76,2021,2,24254,8,44,3.0,2.0,2.0,2.333333333333333,0.0,0.5,64.0,2.371428571428565
2021-03-31,Anne Arundel,MD,Passenger,3.0,1.0,4.0,394.0,398.0,1.01,2021,3,24255,8,45,3.0,3.0,2.0,2.6666666666666665,0.3333333333333332,1.0,68.0,2.7714285714285647
2021-04-30,Anne Arundel,MD,Passenger,3.0,1.0,4.0,392.0,396.0,1.01,2021,4,24256,8,46,4.0,3.0,3.0,3.333333333333333,0.0,0.3333333333333332,72.0,3.228571428571425
2021-05-31,Anne Arundel,MD,Passenger,3.0,1.0,4.0,392.0,396.0,1.01,2021,5,24257,8,47,4.0,4.0,3.0,3.6666666666666665,0.0,0.3333333333333332,76.0,3.628571428571425
2021-06-30,Anne Arundel,MD,Passenger,3.0,1.0,4.0,388.0,392.0,1.02,2021,6,24258,8,48,4.0,4.0,4.0,4.0,0.0,0.0,80.0,3.857142857142853
2021-07-31,Anne Arundel,MD,Passenger,3.0,1.0,4.0,385.0,389.0,1.03,2021,7,24259,8,49,4.0,4.0,4.0,4.0,0.0,0.0,84.0,3.999999999999996
2021-08-31,Anne Arundel,MD,Passenger,3.0,1.0,4.0,376.0,380.0,1.05,2021,8,24260,8,50,4.0,4.0,4.0,4.0,0.0,0.0,88.0,3.999999999999992
2021-09-30,Anne Arundel,MD,Passenger,3.0,1.0,4.0,370.0,374.0,1.07,2021,9,24261,8,51,4.0,4.0,4.0,4.0,0.0,0.0,92.0,3.99999999999999
2021-10-31,Anne Arundel,MD,Passenger,3.0,1.0,4.0,368.0,372.0,1.08,2021,10,24262,8,52,4.0,4.0,4.0,4.0,0.0,0.0,96.0,3.9999999999999902
2021-11-30,Anne Arundel,MD,Passenger,3.0,1.0,4.0,363.0,367.0,1.09,2021,11,24263,8,53,4.0,4.0,4.0,4.0,0.0,0.0,100.0,3.9999999999999902
2021-12-31,Anne Arundel,MD,Passenger,3.0,1.0,4.0,361.0,365.0,1.1,2021,12,24264,8,54,4.0,4.0,4.0,4.0,0.0,0.0,104.0,3.999999999999996
2022-01-31,Anne Arundel,MD,Passenger,3.0,1.0,4.0,362.0,366.0,1.09,2022,1,24265,8,55,4.0,4.0,4.0,4.0,0.0,0.0,108.0,3.999999999999997
2022-02-28,Anne Arundel,MD,Passenger,3.0,1.0,4.0,365.0,369.0,1.08,2022,2,24266,8,56,4.0,4.0,4.0,4.0,0.0,0.0,112.0,3.999999999999989
2022-03-31,Anne Arundel,MD,Passenger,3.0,1.0,4.0,363.0,367.0,1.09,2022,3,24267,8,57,4.0,4.0,4.0,4.0,0.0,0.0,116.0,3.999999999999993
2022-04-30,Anne Arundel,MD,Passenger,3.0,2.0,5.0,364.0,369.0,1.36,2022,4,24268,8,58,4.0,4.0,4.0,4.0,0.25,0.25,121.0,4.1428571428571335
2022-05-31,Anne Arundel,MD,Passenger,3.0,3.0,6.0,351.0,357.0,1.68,2022,5,24269,8,59,5.0,4.0,4.0,4.333333333333333,0.1999999999999999,0.5,127.0,4.514285714285702
2022-06-30,Anne Arundel,MD,Passenger,3.0,3.0,6.0,345.0,351.0,1.71,2022,6,24270,8,60,6.0,5.0,4.0,5.0,0.0,0.5,133.0,4.999999999999985
2022-07-31,Anne Arundel,MD,Passenger,3.0,3.0,6.0,340.0,346.0,1.73,2022,7,24271,8,61,6.0,6.0,5.0,5.666666666666667,0.0,0.1999999999999999,139.0,5.485714285714275
2022-08-31,Anne Arundel,MD,Passenger,3.0,3.0,6.0,335.0,341.0,1.76,2022,8,24272,8,62,6.0,6.0,6.0,6.0,0.0,0.0,145.0,5.857142857142852
2022-09-30,Anne Arundel,MD,Passenger,3.0,3.0,6.0,330.0,336.0,1.79,2022,9,24273,8,63,6.0,6.0,6.0,6.0,0.0,0.0,151.0,5.999999999999998
2022-10-31,Anne Arundel,MD,Passenger,3.0,3.0,6.0,316.0,322.0,1.86,2022,10,24274,8,64,6.0,6.0,6.0,6.0,0.0,0.0,157.0,5.99999999999999
2022-11-30,Anne Arundel,MD,Passenger,3.0,3.0,6.0,312.0,318.0,1.89,2022,11,24275,8,65,6.0,6.0,6.0,6.0,0.0,0.0,163.0,5.999999999999987
2022-12-31,Anne Arundel,MD,Passenger,3.0,3.0,6.0,311.0,317.0,1.89,2022,12,24276,8,66,6.0,6.0,6.0,6.0,0.0,0.0,169.0,5.999999999999989
2023-01-31,Anne Arundel,MD,Passenger,3.0,3.0,6.0,310.0,316.0,1.9,2023,1,24277,8,67,6.0,6.0,6.0,6.0,0.0,0.0,175.0,5.999999999999982
2023-02-28,Anne Arundel,MD,Passenger,3.0,3.0,6.0,311.0,317.0,1.89,2023,2,24278,8,68,6.0,6.0,6.0,6.0,0.0,0.0,181.0,5.999999999999967
2023-03-31,Anne Arundel,MD,Passenger,3.0,3.0,6.0,303.0,309.0,1.94,2023,3,24279,8,69,6.0,6.0,6.0,6.0,0.0,0.0,187.0,5.999999999999978
2023-04-30,Anne Arundel,MD,Passenger,3.0,3.0,6.0,302.0,308.0,1.95,2023,4,24280,8,70,6.0,6.0,6.0,6.0,0.0,0.0,193.0,5.999999999999991
2023-05-31,Anne Arundel,MD,Passenger,4.0,3.0,7.0,298.0,305.0,2.3,2023,5,24281,8,71,6.0,6.0,6.0,6.0,0.1666666666666667,0.1666666666666667,200.0,6.1428571428571255
2023-06-30,Anne Arundel,MD,Passenger,4.0,3.0,7.0,291.0,298.0,2.35,2023,6,24282,8,72,7.0,6.0,6.0,6.333333333333333,0.0,0.1666666666666667,207.0,6.37142857142856
2023-07-31,Anne Arundel,MD,Passenger,5.0,3.0,8.0,289.0,297.0,2.69,2023,7,24283,8,73,7.0,7.0,6.0,6.666666666666667,0.1428571428571428,0.3333333333333332,215.0,6.771428571428558
2023-08-31,Anne Arundel,MD,Passenger,5.0,3.0,8.0,284.0,292.0,2.74,2023,8,24284,8,74,8.0,7.0,7.0,7.333333333333333,0.0,0.1428571428571428,223.0,7.2285714285714
2023-09-30,Anne Arundel,MD,Passenger,5.0,3.0,8.0,282.0,290.0,2.76,2023,9,24285,8,75,8.0,8.0,7.0,7.666666666666667,0.0,0.1428571428571428,231.0,7.6285714285714095
2023-10-31,Anne Arundel,MD,Passenger,5.0,3.0,8.0,275.0,283.0,2.83,2023,10,24286,8,76,8.0,8.0,8.0,8.0,0.0,0.0,239.0,7.85714285714282
2023-11-30,Anne Arundel,MD,Passenger,5.0,3.0,8.0,275.0,283.0,2.83,2023,11,24287,8,77,8.0,8.0,8.0,8.0,0.0,0.0,247.0,7.999999999999972
2023-12-31,Anne Arundel,MD,Passenger,4.0,3.0,7.0,271.0,278.0,2.52,2023,12,24288,8,78,8.0,8.0,8.0,8.0,-0.125,-0.125,254.0,7.857142857142842
2024-01-31,Anne Arundel,MD,Passenger,4.0,3.0,7.0,266.0,273.0,2.56,2024,1,24289,8,79,7.0,8.0,8.0,7.666666666666667,0.0,-0.125,261.0,7.628571428571409
2024-02-29,Anne Arundel,MD,Passenger,4.0,3.0,7.0,262.0,269.0,2.6,2024,2,24290,8,80,7.0,7.0,8.0,7.333333333333333,0.0,-0.125,268.0,7.37142857142855
2020-03-31,Arapahoe,CO,Passenger,1.0,0.0,1.0,146.0,147.0,0.68,2020,3,24243,9,5,1.0,1.0,1.0,1.0,0.0,0.0,6.0,1.0000000000000002
2020-04-30,Arapahoe,CO,Passenger,1.0,0.0,1.0,141.0,142.0,0.7,2020,4,24244,9,6,1.0,1.0,1.0,1.0,0.0,0.0,7.0,1.0
2020-05-31,Arapahoe,CO,Passenger,1.0,0.0,1.0,137.0,138.0,0.72,2020,5,24245,9,7,1.0,1.0,1.0,1.0,0.0,0.0,8.0,1.0
2020-06-30,Arapahoe,CO,Passenger,1.0,0.0,1.0,134.0,135.0,0.74,2020,6,24246,9,8,1.0,1.0,1.0,1.0,0.0,0.0,9.0,1.0000000000000002
2020-07-31,Arapahoe,CO,Passenger,1.0,0.0,1.0,134.0,135.0,0.74,2020,7,24247,9,9,1.0,1.0,1.0,1.0,0.0,0.0,10.0,0.9999999999999996
2020-08-31,Arapahoe,CO,Passenger,1.0,0.0,1.0,135.0,136.0,0.74,2020,8,24248,9,10,1.0,1.0,1.0,1.0,0.0,0.0,11.0,1.0
2020-09-30,Arapahoe,CO,Passenger,1.0,0.0,1.0,135.0,136.0,0.74,2020,9,24249,9,11,1.0,1.0,1.0,1.0,0.0,0.0,12.0,0.9999999999999996
2020-10-31,Arapahoe,CO,Passenger,1.0,0.0,1.0,132.0,133.0,0.75,2020,10,24250,9,12,1.0,1.0,1.0,1.0,0.0,0.0,13.0,1.0
2020-11-30,Arapahoe,CO,Passenger,1.0,0.0,1.0,132.0,133.0,0.75,2020,11,24251,9,13,1.0,1.0,1.0,1.0,0.0,0.0,14.0,0.9999999999999992
2020-12-31,Arapahoe,CO,Passenger,1.0,0.0,1.0,131.0,132.0,0.76,2020,12,24252,9,14,1.0,1.0,1.0,1.0,0.0,0.0,15.0,0.9999999999999996
2021-01-31,Arapahoe,CO,Passenger,1.0,0.0,1.0,131.0,132.0,0.76,2021,1,24253,9,15,1.0,1.0,1.0,1.0,0.0,0.0,16.0,0.999999999999999
2021-02-28,Arapahoe,CO,Passenger,1.0,0.0,1.0,129.0,130.0,0.77,2021,2,24254,9,16,1.0,1.0,1.0,1.0,0.0,0.0,17.0,0.999999999999998
2021-03-31,Arapahoe,CO,Passenger,1.0,0.0,1.0,127.0,128.0,0.78,2021,3,24255,9,17,1.0,1.0,1.0,1.0,0.0,0.0,18.0,0.9999999999999996
2021-04-30,Arapahoe,CO,Passenger,1.0,0.0,1.0,128.0,129.0,0.78,2021,4,24256,9,18,1.0,1.0,1.0,1.0,0.0,0.0,19.0,0.9999999999999982
2021-05-31,Arapahoe,CO,Passenger,1.0,0.0,1.0,126.0,127.0,0.79,2021,5,24257,9,19,1.0,1.0,1.0,1.0,0.0,0.0,20.0,0.999999999999998
2021-06-30,Arapahoe,CO,Passenger,1.0,0.0,1.0,124.0,125.0,0.8,2021,6,24258,9,20,1.0,1.0,1.0,1.0,0.0,0.0,21.0,0.999999999999999
2021-07-31,Arapahoe,CO,Passenger,1.0,0.0,1.0,120.0,121.0,0.83,2021,7,24259,9,21,1.0,1.0,1.0,1.0,0.0,0.0,22.0,0.999999999999998
2021-08-31,Arapahoe,CO,Passenger,1.0,0.0,1.0,118.0,119.0,0.84,2021,8,24260,9,22,1.0,1.0,1.0,1.0,0.0,0.0,23.0,0.9999999999999974
2022-04-30,Arapahoe,CO,Passenger,0.0,1.0,1.0,94.0,95.0,1.05,2022,4,24268,9,23,1.0,1.0,1.0,1.0,0.0,0.0,24.0,0.9999999999999976
2022-05-31,Arapahoe,CO,Passenger,0.0,1.0,1.0,92.0,93.0,1.08,2022,5,24269,9,24,1.0,1.0,1.0,1.0,0.0,0.0,25.0,0.9999999999999976
2022-06-30,Arapahoe,CO,Passenger,0.0,1.0,1.0,93.0,94.0,1.06,2022,6,24270,9,25,1.0,1.0,1.0,1.0,0.0,0.0,26.0,0.999999999999999
2022-07-31,Arapahoe,CO,Passenger,0.0,1.0,1.0,91.0,92.0,1.09,2022,7,24271,9,26,1.0,1.0,1.0,1.0,0.0,0.0,27.0,0.9999999999999992
2022-08-31,Arapahoe,CO,Passenger,0.0,1.0,1.0,87.0,88.0,1.14,2022,8,24272,9,27,1.0,1.0,1.0,1.0,0.0,0.0,28.0,0.9999999999999972
2022-09-30,Arapahoe,CO,Passenger,0.0,1.0,1.0,86.0,87.0,1.15,2022,9,24273,9,28,1.0,1.0,1.0,1.0,0.0,0.0,29.0,0.9999999999999982
2022-10-31,Arapahoe,CO,Passenger,0.0,1.0,1.0,88.0,89.0,1.12,2022,10,24274,9,29,1.0,1.0,1.0,1.0,0.0,0.0,30.0,0.9999999999999968
2022-11-30,Arapahoe,CO,Passenger,0.0,1.0,1.0,87.0,88.0,1.14,2022,11,24275,9,30,1.0,1.0,1.0,1.0,0.0,0.0,31.0,0.9999999999999976
2022-12-31,Arapahoe,CO,Passenger,0.0,1.0,1.0,84.0,85.0,1.18,2022,12,24276,9,31,1.0,1.0,1.0,1.0,0.0,0.0,32.0,0.999999999999996
2023-01-31,Arapahoe,CO,Passenger,0.0,1.0,1.0,84.0,85.0,1.18,2023,1,24277,9,32,1.0,1.0,1.0,1.0,0.0,0.0,33.0,0.9999999999999968
2023-02-28,Arapahoe,CO,Passenger,1.0,1.0,2.0,83.0,85.0,2.35,2023,2,24278,9,33,1.0,1.0,1.0,1.0,1.0,1.0,35.0,1.1428571428571404
2023-03-31,Arapahoe,CO,Passenger,1.0,1.0,2.0,85.0,87.0,2.3,2023,3,24279,9,34,2.0,1.0,1.0,1.3333333333333333,0.0,1.0,37.0,1.3714285714285688
2023-04-30,Arapahoe,CO,Passenger,1.0,1.0,2.0,85.0,87.0,2.3,2023,4,24280,9,35,2.0,2.0,1.0,1.6666666666666667,0.0,1.0,39.0,1.628571428571424
2023-05-31,Arapahoe,CO,Passenger,1.0,1.0,2.0,82.0,84.0,2.38,2023,5,24281,9,36,2.0,2.0,2.0,2.0,0.0,0.0,41.0,1.857142857142854
2023-06-30,Arapahoe,CO,Passenger,1.0,1.0,2.0,79.0,81.0,2.47,2023,6,24282,9,37,2.0,2.0,2.0,2.0,0.0,0.0,43.0,1.9999999999999984
2023-07-31,Arapahoe,CO,Passenger,1.0,1.0,2.0,75.0,77.0,2.6,2023,7,24283,9,38,2.0,2.0,2.0,2.0,0.0,0.0,45.0,1.999999999999996
2023-08-31,Arapahoe,CO,Passenger,1.0,1.0,2.0,71.0,73.0,2.74,2023,8,24284,9,39,2.0,2.0,2.0,2.0,0.0,0.0,47.0,1.999999999999995
2023-09-30,Arapahoe,CO,Passenger,1.0,1.0,2.0,71.0,73.0,2.74,2023,9,24285,9,40,2.0,2.0,2.0,2.0,0.0,0.0,49.0,1.9999999999999984
2023-10-31,Arapahoe,CO,Passenger,1.0,1.0,2.0,68.0,70.0,2.86,2023,10,24286,9,41,2.0,2.0,2.0,2.0,0.0,0.0,51.0,1.999999999999998
2023-11-30,Arapahoe,CO,Passenger,1.0,1.0,2.0,67.0,69.0,2.9,2023,11,24287,9,42,2.0,2.0,2.0,2.0,0.0,0.0,53.0,1.999999999999997
2023-12-31,Arapahoe,CO,Passenger,1.0,1.0,2.0,64.0,66.0,3.03,2023,12,24288,9,43,2.0,2.0,2.0,2.0,0.0,0.0,55.0,1.999999999999993
2024-01-31,Arapahoe,CO,Passenger,1.0,1.0,2.0,61.0,63.0,3.17,2024,1,24289,9,44,2.0,2.0,2.0,2.0,0.0,0.0,57.0,1.999999999999993
2024-02-29,Arapahoe,CO,Passenger,1.0,1.0,2.0,59.0,61.0,3.28,2024,2,24290,9,45,2.0,2.0,2.0,2.0,0.0,0.0,59.0,1.9999999999999931
2017-06-30,Arlington,VA,Passenger,1.0,1.0,2.0,170.0,172.0,1.16,2017,6,24210,10,5,2.0,2.0,2.0,2.0,0.0,0.0,12.0,2.0000000000000004
2017-07-31,Arlington,VA,Passenger,1.0,1.0,2.0,170.0,172.0,1.16,2017,7,24211,10,6,2.0,2.0,2.0,2.0,0.0,0.0,14.0,2.0
2017-08-31,Arlington,VA,Passenger,1.0,2.0,3.0,169.0,172.0,1.74,2017,8,24212,10,7,2.0,2.0,2.0,2.0,0.5,0.5,17.0,2.1428571428571423
2017-09-30,Arlington,VA,Passenger,1.0,2.0,3.0,166.0,169.0,1.78,2017,9,24213,10,8,3.0,2.0,2.0,2.333333333333333,0.0,0.5,20.0,2.371428571428572
2017-10-31,Arlington,VA,Passenger,1.0,2.0,3.0,172.0,175.0,1.71,2017,10,24214,10,9,3.0,3.0,2.0,2.6666666666666665,0.0,0.5,23.0,2.628571428571428
2017-11-30,Arlington,VA,Passenger,1.0,2.0,3.0,174.0,177.0,1.69,2017,11,24215,10,10,3.0,3.0,3.0,3.0,0.0,0.0,26.0,2.857142857142856
2017-12-31,Arlington,VA,Passenger,1.0,2.0,3.0,175.0,178.0,1.69,2017,12,24216,10,11,3.0,3.0,3.0,3.0,0.0,0.0,29.0,2.999999999999999
2018-01-31,Arlington,VA,Passenger,1.0,2.0,3.0,175.0,178.0,1.69,2018,1,24217,10,12,3.0,3.0,3.0,3.0,0.0,0.0,32.0,2.999999999999999
2018-02-28,Arlington,VA,Passenger,1.0,2.0,3.0,174.0,177.0,1.69,2018,2,24218,10,13,3.0,3.0,3.0,3.0,0.0,0.0,35.0,2.9999999999999973
2018-03-31,Arlington,VA,Passenger,1.0,2.0,3.0,176.0,179.0,1.68,2018,3,24219,10,14,3.0,3.0,3.0,3.0,0.0,0.0,38.0,2.9999999999999973
2018-04-30,Arlington,VA,Passenger,1.0,2.0,3.0,175.0,178.0,1.69,2018,4,24220,10,15,3.0,3.0,3.0,3.0,0.0,0.0,41.0,2.9999999999999982
2018-05-31,Arlington,VA,Passenger,1.0,2.0,3.0,174.0,177.0,1.69,2018,5,24221,10,16,3.0,3.0,3.0,3.0,0.0,0.0,44.0,2.9999999999999982
2018-06-30,Arlington,VA,Passenger,1.0,2.0,3.0,175.0,178.0,1.69,2018,6,24222,10,17,3.0,3.0,3.0,3.0,0.0,0.0,47.0,2.9999999999999964
2018-07-31,Arlington,VA,Passenger,1.0,2.0,3.0,178.0,181.0,1.66,2018,7,24223,10,18,3.0,3.0,3.0,3.0,0.0,0.0,50.0,2.999999999999996
2018-08-31,Arlington,VA,Passenger,1.0,1.0,2.0,176.0,178.0,1.12,2018,8,24224,10,19,3.0,3.0,3.0,3.0,-0.3333333333333333,-0.3333333333333333,52.0,2.8571428571428514
2018-09-30,Arlington,VA,Passenger,1.0,1.0,2.0,173.0,175.0,1.14,2018,9,24225,10,20,2.0,3.0,3.0,2.6666666666666665,0.0,-0.3333333333333333,54.0,2.628571428571422
2018-10-31,Arlington,VA,Passenger,1.0,1.0,2.0,169.0,171.0,1.17,2018,10,24226,10,21,2.0,2.0,3.0,2.333333333333333,0.0,-0.3333333333333333,56.0,2.371428571428564
2018-11-30,Arlington,VA,Passenger,1.0,1.0,2.0,170.0,172.0,1.16,2018,11,24227,10,22,2.0,2.0,2.0,2.0,0.0,0.0,58.0,2.142857142857136
2018-12-31,Arlington,VA,Passenger,1.0,1.0,2.0,169.0,171.0,1.17,2018,12,24228,10,23,2.0,2.0,2.0,2.0,0.0,0.0,60.0,1.9999999999999936
2019-01-31,Arlington,VA,Passenger,1.0,2.0,3.0,165.0,168.0,1.79,2019,1,24229,10,24,2.0,2.0,2.0,2.0,0.5,0.5,63.0,2.142857142857135
2019-02-28,Arlington,VA,Passenger,1.0,2.0,3.0,164.0,167.0,1.8,2019,2,24230,10,25,3.0,2.0,2.0,2.333333333333333,0.0,0.5,66.0,2.3714285714285666
2019-03-31,Arlington,VA,Passenger,1.0,2.0,3.0,164.0,167.0,1.8,2019,3,24231,10,26,3.0,3.0,2.0,2.6666666666666665,0.0,0.5,69.0,2.628571428571425
2019-04-30,Arlington,VA,Passenger,1.0,2.0,3.0,163.0,166.0,1.81,2019,4,24232,10,27,3.0,3.0,3.0,3.0,0.0,0.0,72.0,2.8571428571428545
2019-05-31,Arlington,VA,Passenger,1.0,2.0,3.0,161.0,164.0,1.83,2019,5,24233,10,28,3.0,3.0,3.0,3.0,0.0,0.0,75.0,2.9999999999999925
2019-06-30,Arlington,VA,Passenger,0.0,2.0,2.0,161.0,163.0,1.23,2019,6,24234,10,29,3.0,3.0,3.0,3.0,-0.3333333333333333,-0.3333333333333333,77.0,2.8571428571428497
2019-07-31,Arlington,VA,Passenger,0.0,2.0,2.0,160.0,162.0,1.23,2019,7,24235,10,30,2.0,3.0,3.0,2.6666666666666665,0.0,-0.3333333333333333,79.0,2.628571428571419
2019-08-31,Arlington,VA,Passenger,0.0,2.0,2.0,158.0,160.0,1.25,2019,8,24236,10,31,2.0,2.0,3.0,2.333333333333333,0.0,-0.3333333333333333,81.0,2.371428571428561
2019-09-30,Arlington,VA,Passenger,0.0,2.0,2.0,155.0,157.0,1.27,2019,9,24237,10,32,2.0,2.0,2.0,2.0,0.0,0.0,83.0,2.142857142857134
2019-10-31,Arlington,VA,Passenger,0.0,2.0,2.0,154.0,156.0,1.28,2019,10,24238,10,33,2.0,2.0,2.0,2.0,0.0,0.0,85.0,1.999999999999997
2019-11-30,Arlington,VA,Passenger,0.0,2.0,2.0,156.0,158.0,1.27,2019,11,24239,10,34,2.0,2.0,2.0,2.0,0.0,0.0,87.0,1.999999999999992
2019-12-31,Arlington,VA,Passenger,0.0,2.0,2.0,155.0,157.0,1.27,2019,12,24240,10,35,2.0,2.0,2.0,2.0,0.0,0.0,89.0,1.9999999999999871
2020-01-31,Arlington,VA,Passenger,0.0,2.0,2.0,156.0,158.0,1.27,2020,1,24241,10,36,2.0,2.0,2.0,2.0,0.0,0.0,91.0,1.999999999999992
2020-02-29,Arlington,VA,Passenger,0.0,2.0,2.0,158.0,160.0,1.25,2020,2,24242,10,37,2.0,2.0,2.0,2.0,0.0,0.0,93.0,1.9999999999999896
2020-03-31,Arlington,VA,Passenger,0.0,2.0,2.0,158.0,160.0,1.25,2020,3,24243,10,38,2.0,2.0,2.0,2.0,0.0,0.0,95.0,1.999999999999995
2020-04-30,Arlington,VA,Passenger,0.0,2.0,2.0,153.0,155.0,1.29,2020,4,24244,10,39,2.0,2.0,2.0,2.0,0.0,0.0,97.0,1.999999999999989
2020-05-31,Arlington,VA,Passenger,0.0,2.0,2.0,151.0,153.0,1.31,2020,5,24245,10,40,2.0,2.0,2.0,2.0,0.0,0.0,99.0,1.999999999999994
2020-06-30,Arlington,VA,Passenger,0.0,2.0,2.0,152.0,154.0,1.3,2020,6,24246,10,41,2.0,2.0,2.0,2.0,0.0,0.0,101.0,1.999999999999988
2020-07-31,Arlington,VA,Passenger,0.0,2.0,2.0,151.0,153.0,1.31,2020,7,24247,10,42,2.0,2.0,2.0,2.0,0.0,0.0,103.0,1.9999999999999811
2020-08-31,Arlington,VA,Passenger,0.0,2.0,2.0,151.0,153.0,1.31,2020,8,24248,10,43,2.0,2.0,2.0,2.0,0.0,0.0,105.0,1.999999999999988
2020-09-30,Arlington,VA,Passenger,0.0,2.0,2.0,148.0,150.0,1.33,2020,9,24249,10,44,2.0,2.0,2.0,2.0,0.0,0.0,107.0,1.999999999999991
2020-10-31,Arlington,VA,Passenger,0.0,2.0,2.0,146.0,148.0,1.35,2020,10,24250,10,45,2.0,2.0,2.0,2.0,0.0,0.0,109.0,1.999999999999988
2020-11-30,Arlington,VA,Passenger,0.0,2.0,2.0,146.0,148.0,1.35,2020,11,24251,10,46,2.0,2.0,2.0,2.0,0.0,0.0,111.0,1.999999999999989
2020-12-31,Arlington,VA,Passenger,0.0,2.0,2.0,144.0,146.0,1.37,2020,12,24252,10,47,2.0,2.0,2.0,2.0,0.0,0.0,113.0,1.9999999999999885
2021-01-31,Arlington,VA,Passenger,0.0,1.0,1.0,141.0,142.0,0.7,2021,1,24253,10,48,2.0,2.0,2.0,2.0,-0.5,-0.5,114.0,1.8571428571428497
2021-02-28,Arlington,VA,Passenger,0.0,1.0,1.0,143.0,144.0,0.69,2021,2,24254,10,49,1.0,2.0,2.0,1.6666666666666667,0.0,-0.5,115.0,1.628571428571418
2021-03-31,Arlington,VA,Passenger,0.0,1.0,1.0,143.0,144.0,0.69,2021,3,24255,10,50,1.0,1.0,2.0,1.3333333333333333,0.0,-0.5,116.0,1.3714285714285568
2021-04-30,Arlington,VA,Passenger,0.0,1.0,1.0,145.0,146.0,0.68,2021,4,24256,10,51,1.0,1.0,1.0,1.0,0.0,0.0,117.0,1.1428571428571357
2021-05-31,Arlington,VA,Passenger,0.0,1.0,1.0,144.0,145.0,0.69,2021,5,24257,10,52,1.0,1.0,1.0,1.0,0.0,0.0,118.0,0.9999999999999892
2021-06-30,Arlington,VA,Passenger,0.0,1.0,1.0,144.0,145.0,0.69,2021,6,24258,10,53,1.0,1.0,1.0,1.0,0.0,0.0,119.0,0.9999999999999896
2021-07-31,Arlington,VA,Passenger,0.0,1.0,1.0,142.0,143.0,0.7,2021,7,24259,10,54,1.0,1.0,1.0,1.0,0.0,0.0,120.0,0.9999999999999876
2021-08-31,Arlington,VA,Passenger,0.0,1.0,1.0,139.0,140.0,0.71,2021,8,24260,10,55,1.0,1.0,1.0,1.0,0.0,0.0,121.0,0.9999999999999868
2021-09-30,Arlington,VA,Passenger,1.0,1.0,2.0,138.0,140.0,1.43,2021,9,24261,10,56,1.0,1.0,1.0,1.0,1.0,1.0,123.0,1.1428571428571372
2021-10-31,Arlington,VA,Passenger,1.0,1.0,2.0,135.0,137.0,1.46,2021,10,24262,10,57,2.0,1.0,1.0,1.3333333333333333,0.0,1.0,125.0,1.371428571428565
2021-11-30,Arlington,VA,Passenger,1.0,1.0,2.0,134.0,136.0,1.47,2021,11,24263,10,58,2.0,2.0,1.0,1.6666666666666667,0.0,1.0,127.0,1.6285714285714157
2021-12-31,Arlington,VA,Passenger,1.0,0.0,1.0,134.0,135.0,0.74,2021,12,24264,10,59,2.0,2.0,2.0,2.0,-0.5,-0.5,128.0,1.714285714285693
2022-01-31,Arlington,VA,Passenger,1.0,0.0,1.0,137.0,138.0,0.72,2022,1,24265,10,60,1.0,2.0,2.0,1.6666666666666667,0.0,-0.5,129.0,1.628571428571416
2022-02-28,Arlington,VA,Passenger,1.0,0.0,1.0,135.0,136.0,0.74,2022,2,24266,10,61,1.0,1.0,2.0,1.3333333333333333,0.0,-0.5,130.0,1.3714285714285552
2022-03-31,Arlington,VA,Passenger,1.0,0.0,1.0,135.0,136.0,0.74,2022,3,24267,10,62,1.0,1.0,1.0,1.0,0.0,0.0,131.0,1.1428571428571304
2022-04-30,Arlington,VA,Passenger,1.0,0.0,1.0,136.0,137.0,0.73,2022,4,24268,10,63,1.0,1.0,1.0,1.0,0.0,0.0,132.0,0.9999999999999848
2022-05-31,Arlington,VA,Passenger,1.0,0.0,1.0,131.0,132.0,0.76,2022,5,24269,10,64,1.0,1.0,1.0,1.0,0.0,0.0,133.0,0.999999999999992
2022-06-30,Arlington,VA,Passenger,1.0,0.0,1.0,130.0,131.0,0.76,2022,6,24270,10,65,1.0,1.0,1.0,1.0,0.0,0.0,134.0,0.999999999999977
2022-07-31,Arlington,VA,Passenger,1.0,0.0,1.0,128.0,129.0,0.78,2022,7,24271,10,66,1.0,1.0,1.0,1.0,0.0,0.0,135.0,0.999999999999988
2022-08-31,Arlington,VA,Passenger,1.0,0.0,1.0,127.0,128.0,0.78,2022,8,24272,10,67,1.0,1.0,1.0,1.0,0.0,0.0,136.0,0.9999999999999784
2022-09-30,Arlington,VA,Passenger,1.0,0.0,1.0,122.0,123.0,0.81,2022,9,24273,10,68,1.0,1.0,1.0,1.0,0.0,0.0,137.0,0.9999999999999866
2022-10-31,Arlington,VA,Passenger,1.0,0.0,1.0,116.0,117.0,0.85,2022,10,24274,10,69,1.0,1.0,1.0,1.0,0.0,0.0,138.0,0.999999999999986
2022-11-30,Arlington,VA,Passenger,1.0,0.0,1.0,117.0,118.0,0.85,2022,11,24275,10,70,1.0,1.0,1.0,1.0,0.0,0.0,139.0,0.999999999999976
2022-12-31,Arlington,VA,Passenger,1.0,0.0,1.0,116.0,117.0,0.85,2022,12,24276,10,71,1.0,1.0,1.0,1.0,0.0,0.0,140.0,0.9999999999999842
2023-01-31,Arlington,VA,Passenger,1.0,0.0,1.0,116.0,117.0,0.85,2023,1,24277,10,72,1.0,1.0,1.0,1.0,0.0,0.0,141.0,0.9999999999999885
2023-02-28,Arlington,VA,Passenger,1.0,0.0,1.0,116.0,117.0,0.85,2023,2,24278,10,73,1.0,1.0,1.0,1.0,0.0,0.0,142.0,0.9999999999999823
2023-03-31,Arlington,VA,Passenger,1.0,0.0,1.0,115.0,116.0,0.86,2023,3,24279,10,74,1.0,1.0,1.0,1.0,0.0,0.0,143.0,0.999999999999986
2023-04-30,Arlington,VA,Passenger,1.0,0.0,1.0,111.0,112.0,0.89,2023,4,24280,10,75,1.0,1.0,1.0,1.0,0.0,0.0,144.0,0.9999999999999916
2023-05-31,Arlington,VA,Passenger,1.0,0.0,1.0,109.0,110.0,0.91,2023,5,24281,10,76,1.0,1.0,1.0,1.0,0.0,0.0,145.0,0.999999999999988
2023-06-30,Arlington,VA,Passenger,1.0,0.0,1.0,109.0,110.0,0.91,2023,6,24282,10,77,1.0,1.0,1.0,1.0,0.0,0.0,146.0,0.9999999999999836
2023-07-31,Arlington,VA,Passenger,1.0,0.0,1.0,108.0,109.0,0.92,2023,7,24283,10,78,1.0,1.0,1.0,1.0,0.0,0.0,147.0,0.9999999999999816
2023-09-30,Atlantic,NJ,Passenger,1.0,0.0,1.0,10.0,11.0,6.9025,2023,9,24285,12,5,1.0,1.0,1.0,1.0,0.0,0.0,6.0,1.0000000000000002
2023-10-31,Atlantic,NJ,Passenger,1.0,0.0,1.0,7.0,8.0,6.9025,2023,10,24286,12,6,1.0,1.0,1.0,1.0,0.0,0.0,7.0,1.0
2023-11-30,Atlantic,NJ,Passenger,1.0,0.0,1.0,7.0,8.0,6.9025,2023,11,24287,12,7,1.0,1.0,1.0,1.0,0.0,0.0,8.0,1.0
2023-12-31,Atlantic,NJ,Passenger,1.0,0.0,1.0,7.0,8.0,6.9025,2023,12,24288,12,8,1.0,1.0,1.0,1.0,0.0,0.0,9.0,1.0000000000000002
2024-01-31,Atlantic,NJ,Passenger,1.0,0.0,1.0,7.0,8.0,6.9025,2024,1,24289,12,9,1.0,1.0,1.0,1.0,0.0,0.0,10.0,0.9999999999999996
2024-02-29,Atlantic,NJ,Passenger,1.0,0.0,1.0,7.0,8.0,6.9025,2024,2,24290,12,10,1.0,1.0,1.0,1.0,0.0,0.0,11.0,1.0
2022-07-31,Autauga,AL,Passenger,1.0,0.0,1.0,13.0,14.0,6.9025,2022,7,24271,13,5,1.0,1.0,1.0,1.0,0.0,0.0,6.0,1.0000000000000002
2022-08-31,Autauga,AL,Passenger,1.0,0.0,1.0,13.0,14.0,6.9025,2022,8,24272,13,6,1.0,1.0,1.0,1.0,0.0,0.0,7.0,1.0
2022-09-30,Autauga,AL,Passenger,1.0,0.0,1.0,14.0,15.0,6.67,2022,9,24273,13,7,1.0,1.0,1.0,1.0,0.0,0.0,8.0,1.0
2022-10-31,Autauga,AL,Passenger,2.0,0.0,2.0,14.0,16.0,6.9025,2022,10,24274,13,8,1.0,1.0,1.0,1.0,1.0,1.0,10.0,1.1428571428571426
2022-11-30,Autauga,AL,Passenger,2.0,0.0,2.0,14.0,16.0,6.9025,2022,11,24275,13,9,2.0,1.0,1.0,1.3333333333333333,0.0,1.0,12.0,1.371428571428571
2022-12-31,Autauga,AL,Passenger,2.0,0.0,2.0,13.0,15.0,6.9025,2022,12,24276,13,10,2.0,2.0,1.0,1.6666666666666667,0.0,1.0,14.0,1.6285714285714286
2023-01-31,Autauga,AL,Passenger,2.0,0.0,2.0,13.0,15.0,6.9025,2023,1,24277,13,11,2.0,2.0,2.0,2.0,0.0,0.0,16.0,1.8571428571428563
2023-02-28,Autauga,AL,Passenger,2.0,0.0,2.0,13.0,15.0,6.9025,2023,2,24278,13,12,2.0,2.0,2.0,2.0,0.0,0.0,18.0,2.0000000000000004
2023-03-31,Autauga,AL,Passenger,2.0,0.0,2.0,13.0,15.0,6.9025,2023,3,24279,13,13,2.0,2.0,2.0,2.0,0.0,0.0,20.0,1.9999999999999996
2023-04-30,Autauga,AL,Passenger,2.0,0.0,2.0,13.0,15.0,6.9025,2023,4,24280,13,14,2.0,2.0,2.0,2.0,0.0,0.0,22.0,2.0
2023-05-31,Autauga,AL,Passenger,2.0,0.0,2.0,13.0,15.0,6.9025,2023,5,24281,13,15,2.0,2.0,2.0,2.0,0.0,0.0,24.0,1.9999999999999996
2023-06-30,Autauga,AL,Passenger,2.0,0.0,2.0,13.0,15.0,6.9025,2023,6,24282,13,16,2.0,2.0,2.0,2.0,0.0,0.0,26.0,2.0
2023-07-31,Autauga,AL,Passenger,2.0,0.0,2.0,12.0,14.0,6.9025,2023,7,24283,13,17,2.0,2.0,2.0,2.0,0.0,0.0,28.0,1.9999999999999984
2023-08-31,Autauga,AL,Passenger,2.0,0.0,2.0,10.0,12.0,6.9025,2023,8,24284,13,18,2.0,2.0,2.0,2.0,0.0,0.0,30.0,1.9999999999999991
2023-09-30,Autauga,AL,Passenger,2.0,0.0,2.0,10.0,12.0,6.9025,2023,9,24285,13,19,2.0,2.0,2.0,2.0,0.0,0.0,32.0,1.999999999999998
2023-10-31,Autauga,AL,Passenger,2.0,0.0,2.0,10.0,12.0,6.9025,2023,10,24286,13,20,2.0,2.0,2.0,2.0,0.0,0.0,34.0,1.999999999999996
2023-11-30,Autauga,AL,Passenger,2.0,0.0,2.0,10.0,12.0,6.9025,2023,11,24287,13,21,2.0,2.0,2.0,2.0,0.0,0.0,36.0,1.9999999999999996
2023-12-31,Autauga,AL,Passenger,2.0,0.0,2.0,9.0,11.0,6.9025,2023,12,24288,13,22,2.0,2.0,2.0,2.0,0.0,0.0,38.0,1.9999999999999964
2024-01-31,Autauga,AL,Passenger,2.0,0.0,2.0,9.0,11.0,6.9025,2024,1,24289,13,23,2.0,2.0,2.0,2.0,0.0,0.0,40.0,1.999999999999996
2024-02-29,Autauga,AL,Passenger,2.0,1.0,3.0,9.0,12.0,6.9025,2024,2,24290,13,24,2.0,2.0,2.0,2.0,0.5,0.5,43.0,2.14285714285714
2021-12-31,Baltimore,MD,Passenger,1.0,0.0,1.0,88.0,89.0,1.12,2021,12,24264,14,5,1.0,1.0,1.0,1.0,0.0,0.0,6.0,1.0000000000000002
2022-01-31,Baltimore,MD,Passenger,1.0,0.0,1.0,87.0,88.0,1.14,2022,1,24265,14,6,1.0,1.0,1.0,1.0,0.0,0.0,7.0,1.0
2022-02-28,Baltimore,MD,Passenger,1.0,0.0,1.0,84.0,85.0,1.18,2022,2,24266,14,7,1.0,1.0,1.0,1.0,0.0,0.0,8.0,1.0
2022-03-31,Baltimore,MD,Passenger,1.0,0.0,1.0,84.0,85.0,1.18,2022,3,24267,14,8,1.0,1.0,1.0,1.0,0.0,0.0,9.0,1.0000000000000002
2022-04-30,Baltimore,MD,Passenger,1.0,0.0,1.0,81.0,82.0,1.22,2022,4,24268,14,9,1.0,1.0,1.0,1.0,0.0,0.0,10.0,0.9999999999999996
2022-05-31,Baltimore,MD,Passenger,1.0,0.0,1.0,77.0,78.0,1.28,2022,5,24269,14,10,1.0,1.0,1.0,1.0,0.0,0.0,11.0,1.0
2020-09-30,Bartow,GA,Passenger,0.0,1.0,1.0,5.0,6.0,6.9025,2020,9,24249,15,5,1.0,1.0,1.0,1.0,0.0,0.0,6.0,1.0000000000000002
2020-10-31,Bartow,GA,Passenger,0.0,1.0,1.0,5.0,6.0,6.9025,2020,10,24250,15,6,1.0,1.0,1.0,1.0,0.0,0.0,7.0,1.0
2020-11-30,Bartow,GA,Passenger,0.0,1.0,1.0,5.0,6.0,6.9025,2020,11,24251,15,7,1.0,1.0,1.0,1.0,0.0,0.0,8.0,1.0
2020-12-31,Bartow,GA,Passenger,0.0,1.0,1.0,5.0,6.0,6.9025,2020,12,24252,15,8,1.0,1.0,1.0,1.0,0.0,0.0,9.0,1.0000000000000002
2021-01-31,Bartow,GA,Passenger,0.0,1.0,1.0,5.0,6.0,6.9025,2021,1,24253,15,9,1.0,1.0,1.0,1.0,0.0,0.0,10.0,0.9999999999999996
2021-02-28,Bartow,GA,Passenger,0.0,1.0,1.0,5.0,6.0,6.9025,2021,2,24254,15,10,1.0,1.0,1.0,1.0,0.0,0.0,11.0,1.0
2021-03-31,Bartow,GA,Passenger,0.0,1.0,1.0,5.0,6.0,6.9025,2021,3,24255,15,11,1.0,1.0,1.0,1.0,0.0,0.0,12.0,0.9999999999999996
2021-04-30,Bartow,GA,Passenger,0.0,1.0,1.0,5.0,6.0,6.9025,2021,4,24256,15,12,1.0,1.0,1.0,1.0,0.0,0.0,13.0,1.0
2021-05-31,Bartow,GA,Passenger,0.0,1.0,1.0,5.0,6.0,6.9025,2021,5,24257,15,13,1.0,1.0,1.0,1.0,0.0,0.0,14.0,0.9999999999999992
2021-06-30,Bartow,GA,Passenger,0.0,1.0,1.0,4.0,5.0,6.9025,2021,6,24258,15,14,1.0,1.0,1.0,1.0,0.0,0.0,15.0,0.9999999999999996
2021-07-31,Bartow,GA,Passenger,0.0,1.0,1.0,4.0,5.0,6.9025,2021,7,24259,15,15,1.0,1.0,1.0,1.0,0.0,0.0,16.0,0.999999999999999
2021-08-31,Bartow,GA,Passenger,0.0,1.0,1.0,4.0,5.0,6.9025,2021,8,24260,15,16,1.0,1.0,1.0,1.0,0.0,0.0,17.0,0.999999999999998
2021-09-30,Bartow,GA,Passenger,0.0,1.0,1.0,4.0,5.0,6.9025,2021,9,24261,15,17,1.0,1.0,1.0,1.0,0.0,0.0,18.0,0.9999999999999996
2021-10-31,Bartow,GA,Passenger,0.0,1.0,1.0,4.0,5.0,6.9025,2021,10,24262,15,18,1.0,1.0,1.0,1.0,0.0,0.0,19.0,0.9999999999999982
2021-11-30,Bartow,GA,Passenger,0.0,1.0,1.0,4.0,5.0,6.9025,2021,11,24263,15,19,1.0,1.0,1.0,1.0,0.0,0.0,20.0,0.999999999999998
2021-12-31,Bartow,GA,Passenger,0.0,1.0,1.0,4.0,5.0,6.9025,2021,12,24264,15,20,1.0,1.0,1.0,1.0,0.0,0.0,21.0,0.999999999999999
2022-01-31,Bartow,GA,Passenger,0.0,1.0,1.0,4.0,5.0,6.9025,2022,1,24265,15,21,1.0,1.0,1.0,1.0,0.0,0.0,22.0,0.999999999999998
2022-02-28,Bartow,GA,Passenger,0.0,1.0,1.0,4.0,5.0,6.9025,2022,2,24266,15,22,1.0,1.0,1.0,1.0,0.0,0.0,23.0,0.9999999999999974
2022-03-31,Bartow,GA,Passenger,0.0,1.0,1.0,4.0,5.0,6.9025,2022,3,24267,15,23,1.0,1.0,1.0,1.0,0.0,0.0,24.0,0.9999999999999976
2022-04-30,Bartow,GA,Passenger,0.0,1.0,1.0,4.0,5.0,6.9025,2022,4,24268,15,24,1.0,1.0,1.0,1.0,0.0,0.0,25.0,0.9999999999999976
2022-05-31,Bartow,GA,Passenger,0.0,1.0,1.0,4.0,5.0,6.9025,2022,5,24269,15,25,1.0,1.0,1.0,1.0,0.0,0.0,26.0,0.999999999999999
2022-06-30,Bartow,GA,Passenger,0.0,1.0,1.0,4.0,5.0,6.9025,2022,6,24270,15,26,1.0,1.0,1.0,1.0,0.0,0.0,27.0,0.9999999999999992
2022-07-31,Bartow,GA,Passenger,0.0,1.0,1.0,4.0,5.0,6.9025,2022,7,24271,15,27,1.0,1.0,1.0,1.0,0.0,0.0,28.0,0.9999999999999972
2022-08-31,Bartow,GA,Passenger,0.0,1.0,1.0,4.0,5.0,6.9025,2022,8,24272,15,28,1.0,1.0,1.0,1.0,0.0,0.0,29.0,0.9999999999999982
2022-09-30,Bartow,GA,Passenger,0.0,1.0,1.0,4.0,5.0,6.9025,2022,9,24273,15,29,1.0,1.0,1.0,1.0,0.0,0.0,30.0,0.9999999999999968
2022-10-31,Bartow,GA,Passenger,0.0,1.0,1.0,4.0,5.0,6.9025,2022,10,24274,15,30,1.0,1.0,1.0,1.0,0.0,0.0,31.0,0.9999999999999976
2022-11-30,Bartow,GA,Passenger,0.0,1.0,1.0,4.0,5.0,6.9025,2022,11,24275,15,31,1.0,1.0,1.0,1.0,0.0,0.0,32.0,0.999999999999996
2022-12-31,Bartow,GA,Passenger,0.0,1.0,1.0,4.0,5.0,6.9025,2022,12,24276,15,32,1.0,1.0,1.0,1.0,0.0,0.0,33.0,0.9999999999999968
2023-01-31,Bartow,GA,Passenger,0.0,1.0,1.0,4.0,5.0,6.9025,2023,1,24277,15,33,1.0,1.0,1.0,1.0,0.0,0.0,34.0,0.999999999999996
2023-02-28,Bartow,GA,Passenger,0.0,1.0,1.0,4.0,5.0,6.9025,2023,2,24278,15,34,1.0,1.0,1.0,1.0,0.0,0.0,35.0,0.999999999999995
2023-03-31,Bartow,GA,Passenger,0.0,1.0,1.0,4.0,5.0,6.9025,2023,3,24279,15,35,1.0,1.0,1.0,1.0,0.0,0.0,36.0,0.9999999999999978
2023-04-30,Bartow,GA,Passenger,0.0,1.0,1.0,4.0,5.0,6.9025,2023,4,24280,15,36,1.0,1.0,1.0,1.0,0.0,0.0,37.0,0.9999999999999968
2023-05-31,Bartow,GA,Passenger,0.0,1.0,1.0,4.0,5.0,6.9025,2023,5,24281,15,37,1.0,1.0,1.0,1.0,0.0,0.0,38.0,0.9999999999999992
2023-06-30,Bartow,GA,Passenger,0.0,1.0,1.0,3.0,4.0,6.9025,2023,6,24282,15,38,1.0,1.0,1.0,1.0,0.0,0.0,39.0,0.999999999999994
2023-07-31,Bartow,GA,Passenger,0.0,1.0,1.0,3.0,4.0,6.9025,2023,7,24283,15,39,1.0,1.0,1.0,1.0,0.0,0.0,40.0,0.9999999999999972
2023-08-31,Bartow,GA,Passenger,0.0,1.0,1.0,3.0,4.0,6.9025,2023,8,24284,15,40,1.0,1.0,1.0,1.0,0.0,0.0,41.0,0.9999999999999988
2023-09-30,Bartow,GA,Passenger,0.0,1.0,1.0,3.0,4.0,6.9025,2023,9,24285,15,41,1.0,1.0,1.0,1.0,0.0,0.0,42.0,0.9999999999999968
2023-10-31,Bartow,GA,Passenger,0.0,1.0,1.0,3.0,4.0,6.9025,2023,10,24286,15,42,1.0,1.0,1.0,1.0,0.0,0.0,43.0,0.9999999999999948
2023-11-30,Bartow,GA,Passenger,0.0,1.0,1.0,3.0,4.0,6.9025,2023,11,24287,15,43,1.0,1.0,1.0,1.0,0.0,0.0,44.0,0.9999999999999966
2023-12-31,Bartow,GA,Passenger,0.0,1.0,1.0,3.0,4.0,6.9025,2023,12,24288,15,44,1.0,1.0,1.0,1.0,0.0,0.0,45.0,0.999999999999997
2024-01-31,Bartow,GA,Passenger,0.0,1.0,1.0,3.0,4.0,6.9025,2024,1,24289,15,45,1.0,1.0,1.0,1.0,0.0,0.0,46.0,0.999999999999997
2024-02-29,Bartow,GA,Passenger,0.0,1.0,1.0,3.0,4.0,6.9025,2024,2,24290,15,46,1.0,1.0,1.0,1.0,0.0,0.0,47.0,0.9999999999999964
2018-09-30,Beaufort,SC,Passenger,1.0,0.0,1.0,39.0,40.0,2.5,2018,9,24225,16,5,1.0,1.0,1.0,1.0,0.0,0.0,6.0,1.0000000000000002
2018-10-31,Beaufort,SC,Passenger,1.0,0.0,1.0,37.0,38.0,2.63,2018,10,24226,16,6,1.0,1.0,1.0,1.0,0.0,0.0,7.0,1.0
2018-11-30,Beaufort,SC,Passenger,1.0,0.0,1.0,36.0,37.0,2.7,2018,11,24227,16,7,1.0,1.0,1.0,1.0,0.0,0.0,8.0,1.0
2018-12-31,Beaufort,SC,Passenger,1.0,0.0,1.0,36.0,37.0,2.7,2018,12,24228,16,8,1.0,1.0,1.0,1.0,0.0,0.0,9.0,1.0000000000000002
2019-01-31,Beaufort,SC,Passenger,1.0,0.0,1.0,38.0,39.0,2.56,2019,1,24229,16,9,1.0,1.0,1.0,1.0,0.0,0.0,10.0,0.9999999999999996
2019-02-28,Beaufort,SC,Passenger,1.0,0.0,1.0,38.0,39.0,2.56,2019,2,24230,16,10,1.0,1.0,1.0,1.0,0.0,0.0,11.0,1.0
2022-10-31,Beaufort,SC,Passenger,1.0,0.0,1.0,30.0,31.0,3.23,2022,10,24274,16,11,1.0,1.0,1.0,1.0,0.0,0.0,12.0,0.9999999999999996
2022-11-30,Beaufort,SC,Passenger,1.0,0.0,1.0,30.0,31.0,3.23,2022,11,24275,16,12,1.0,1.0,1.0,1.0,0.0,0.0,13.0,1.0
2022-12-31,Beaufort,SC,Passenger,1.0,0.0,1.0,30.0,31.0,3.23,2022,12,24276,16,13,1.0,1.0,1.0,1.0,0.0,0.0,14.0,0.9999999999999992
2023-01-31,Beaufort,SC,Passenger,1.0,0.0,1.0,29.0,30.0,3.33,2023,1,24277,16,14,1.0,1.0,1.0,1.0,0.0,0.0,15.0,0.9999999999999996
2023-02-28,Beaufort,SC,Passenger,1.0,0.0,1.0,30.0,31.0,3.23,2023,2,24278,16,15,1.0,1.0,1.0,1.0,0.0,0.0,16.0,0.999999999999999
2023-03-31,Beaufort,SC,Passenger,1.0,0.0,1.0,28.0,29.0,3.45,2023,3,24279,16,16,1.0,1.0,1.0,1.0,0.0,0.0,17.0,0.999999999999998
2023-04-30,Beaufort,SC,Passenger,1.0,0.0,1.0,29.0,30.0,3.33,2023,4,24280,16,17,1.0,1.0,1.0,1.0,0.0,0.0,18.0,0.9999999999999996
2023-05-31,Beaufort,SC,Passenger,1.0,0.0,1.0,29.0,30.0,3.33,2023,5,24281,16,18,1.0,1.0,1.0,1.0,0.0,0.0,19.0,0.9999999999999982
2023-06-30,Beaufort,SC,Passenger,1.0,0.0,1.0,30.0,31.0,3.23,2023,6,24282,16,19,1.0,1.0,1.0,1.0,0.0,0.0,20.0,0.999999999999998
2023-07-31,Beaufort,SC,Passenger,1.0,0.0,1.0,30.0,31.0,3.23,2023,7,24283,16,20,1.0,1.0,1.0,1.0,0.0,0.0,21.0,0.999999999999999
2023-08-31,Beaufort,SC,Passenger,1.0,0.0,1.0,28.0,29.0,3.45,2023,8,24284,16,21,1.0,1.0,1.0,1.0,0.0,0.0,22.0,0.999999999999998
2023-09-30,Beaufort,SC,Passenger,1.0,0.0,1.0,27.0,28.0,3.57,2023,9,24285,16,22,1.0,1.0,1.0,1.0,0.0,0.0,23.0,0.9999999999999974
2023-10-31,Beaufort,SC,Passenger,1.0,0.0,1.0,27.0,28.0,3.57,2023,10,24286,16,23,1.0,1.0,1.0,1.0,0.0,0.0,24.0,0.9999999999999976
2023-11-30,Beaufort,SC,Passenger,1.0,0.0,1.0,26.0,27.0,3.7,2023,11,24287,16,24,1.0,1.0,1.0,1.0,0.0,0.0,25.0,0.9999999999999976
2023-12-31,Beaufort,SC,Passenger,1.0,0.0,1.0,26.0,27.0,3.7,2023,12,24288,16,25,1.0,1.0,1.0,1.0,0.0,0.0,26.0,0.999999999999999
2024-01-31,Beaufort,SC,Passenger,1.0,0.0,1.0,26.0,27.0,3.7,2024,1,24289,16,26,1.0,1.0,1.0,1.0,0.0,0.0,27.0,0.9999999999999992
2024-02-29,Beaufort,SC,Passenger,1.0,0.0,1.0,25.0,26.0,3.85,2024,2,24290,16,27,1.0,1.0,1.0,1.0,0.0,0.0,28.0,0.9999999999999972
2022-06-30,Bell,TX,Passenger,1.0,0.0,1.0,327.0,328.0,0.3,2022,6,24270,17,5,1.0,1.0,1.0,1.0,0.0,0.0,6.0,1.0000000000000002
2022-07-31,Bell,TX,Passenger,1.0,0.0,1.0,324.0,325.0,0.31,2022,7,24271,17,6,1.0,1.0,1.0,1.0,0.0,0.0,7.0,1.0
2022-08-31,Bell,TX,Passenger,1.0,0.0,1.0,320.0,321.0,0.31,2022,8,24272,17,7,1.0,1.0,1.0,1.0,0.0,0.0,8.0,1.0
2022-09-30,Bell,TX,Passenger,1.0,0.0,1.0,319.0,320.0,0.31,2022,9,24273,17,8,1.0,1.0,1.0,1.0,0.0,0.0,9.0,1.0000000000000002
2022-10-31,Bell,TX,Passenger,1.0,0.0,1.0,311.0,312.0,0.32,2022,10,24274,17,9,1.0,1.0,1.0,1.0,0.0,0.0,10.0,0.9999999999999996
2022-11-30,Bell,TX,Passenger,1.0,0.0,1.0,309.0,310.0,0.32,2022,11,24275,17,10,1.0,1.0,1.0,1.0,0.0,0.0,11.0,1.0
2022-12-31,Bell,TX,Passenger,1.0,0.0,1.0,299.0,300.0,0.33,2022,12,24276,17,11,1.0,1.0,1.0,1.0,0.0,0.0,12.0,0.9999999999999996
2023-01-31,Bell,TX,Passenger,1.0,0.0,1.0,295.0,296.0,0.34,2023,1,24277,17,12,1.0,1.0,1.0,1.0,0.0,0.0,13.0,1.0
2023-02-28,Bell,TX,Passenger,1.0,0.0,1.0,293.0,294.0,0.34,2023,2,24278,17,13,1.0,1.0,1.0,1.0,0.0,0.0,14.0,0.9999999999999992
2023-03-31,Bell,TX,Passenger,1.0,0.0,1.0,282.0,283.0,0.35,2023,3,24279,17,14,1.0,1.0,1.0,1.0,0.0,0.0,15.0,0.9999999999999996
2023-04-30,Bell,TX,Passenger,1.0,0.0,1.0,276.0,277.0,0.36,2023,4,24280,17,15,1.0,1.0,1.0,1.0,0.0,0.0,16.0,0.999999999999999
2023-05-31,Bell,TX,Passenger,1.0,0.0,1.0,268.0,269.0,0.37,2023,5,24281,17,16,1.0,1.0,1.0,1.0,0.0,0.0,17.0,0.999999999999998
2023-06-30,Bell,TX,Passenger,1.0,0.0,1.0,257.0,258.0,0.39,2023,6,24282,17,17,1.0,1.0,1.0,1.0,0.0,0.0,18.0,0.9999999999999996
2023-07-31,Bell,TX,Passenger,1.0,0.0,1.0,247.0,248.0,0.4,2023,7,24283,17,18,1.0,1.0,1.0,1.0,0.0,0.0,19.0,0.9999999999999982
2023-08-31,Bell,TX,Passenger,1.0,0.0,1.0,241.0,242.0,0.41,2023,8,24284,17,19,1.0,1.0,1.0,1.0,0.0,0.0,20.0,0.999999999999998
2023-09-30,Bell,TX,Passenger,1.0,0.0,1.0,232.0,233.0,0.43,2023,9,24285,17,20,1.0,1.0,1.0,1.0,0.0,0.0,21.0,0.999999999999999
2023-10-31,Bell,TX,Passenger,1.0,0.0,1.0,229.0,230.0,0.43,2023,10,24286,17,21,1.0,1.0,1.0,1.0,0.0,0.0,22.0,0.999999999999998
2023-11-30,Bell,TX,Passenger,1.0,0.0,1.0,222.0,223.0,0.45,2023,11,24287,17,22,1.0,1.0,1.0,1.0,0.0,0.0,23.0,0.9999999999999974
2023-12-31,Bell,TX,Passenger,1.0,0.0,1.0,213.0,214.0,0.47,2023,12,24288,17,23,1.0,1.0,1.0,1.0,0.0,0.0,24.0,0.9999999999999976
2024-01-31,Bell,TX,Passenger,1.0,0.0,1.0,200.0,201.0,0.5,2024,1,24289,17,24,1.0,1.0,1.0,1.0,0.0,0.0,25.0,0.9999999999999976
2024-02-29,Bell,TX,Passenger,1.0,0.0,1.0,190.0,191.0,0.52,2024,2,24290,17,25,1.0,1.0,1.0,1.0,0.0,0.0,26.0,0.999999999999999
2017-06-30,Bergen,NJ,Passenger,0.0,2.0,2.0,32.0,34.0,5.88,2017,6,24210,19,5,2.0,2.0,2.0,2.0,0.0,0.0,12.0,2.0000000000000004
2017-07-31,Bergen,NJ,Passenger,0.0,2.0,2.0,31.0,33.0,6.06,2017,7,24211,19,6,2.0,2.0,2.0,2.0,0.0,0.0,14.0,2.0
2017-08-31,Bergen,NJ,Passenger,0.0,2.0,2.0,31.0,33.0,6.06,2017,8,24212,19,7,2.0,2.0,2.0,2.0,0.0,0.0,16.0,2.0
2018-11-30,Bergen,NJ,Passenger,1.0,0.0,1.0,28.0,29.0,3.45,2018,11,24227,19,8,2.0,2.0,2.0,2.0,-0.5,-0.5,17.0,1.8571428571428568
2018-12-31,Bergen,NJ,Passenger,1.0,0.0,1.0,28.0,29.0,3.45,2018,12,24228,19,9,1.0,2.0,2.0,1.6666666666666667,0.0,-0.5,18.0,1.6285714285714288
2019-01-31,Bergen,NJ,Passenger,1.0,0.0,1.0,28.0,29.0,3.45,2019,1,24229,19,10,1.0,1.0,2.0,1.3333333333333333,0.0,-0.5,19.0,1.3714285714285692
2019-02-28,Bergen,NJ,Passenger,1.0,0.0,1.0,26.0,27.0,3.7,2019,2,24230,19,11,1.0,1.0,1.0,1.0,0.0,0.0,20.0,1.142857142857141
2019-03-31,Bergen,NJ,Passenger,1.0,0.0,1.0,26.0,27.0,3.7,2019,3,24231,19,12,1.0,1.0,1.0,1.0,0.0,0.0,21.0,0.999999999999999
2019-04-30,Bergen,NJ,Passenger,1.0,0.0,1.0,27.0,28.0,3.57,2019,4,24232,19,13,1.0,1.0,1.0,1.0,0.0,0.0,22.0,0.999999999999998
2019-05-31,Bergen,NJ,Passenger,1.0,0.0,1.0,28.0,29.0,3.45,2019,5,24233,19,14,1.0,1.0,1.0,1.0,0.0,0.0,23.0,0.9999999999999974
2019-06-30,Bergen,NJ,Passenger,1.0,0.0,1.0,28.0,29.0,3.45,2019,6,24234,19,15,1.0,1.0,1.0,1.0,0.0,0.0,24.0,0.9999999999999976
2019-07-31,Bergen,NJ,Passenger,1.0,0.0,1.0,27.0,28.0,3.57,2019,7,24235,19,16,1.0,1.0,1.0,1.0,0.0,0.0,25.0,0.9999999999999976
2019-08-31,Bergen,NJ,Passenger,1.0,0.0,1.0,28.0,29.0,3.45,2019,8,24236,19,17,1.0,1.0,1.0,1.0,0.0,0.0,26.0,0.999999999999999
2022-11-30,Berkeley,SC,Passenger,0.0,1.0,1.0,115.0,116.0,0.86,2022,11,24275,20,5,1.0,1.0,1.0,1.0,0.0,0.0,6.0,1.0000000000000002
2022-12-31,Berkeley,SC,Passenger,0.0,1.0,1.0,115.0,116.0,0.86,2022,12,24276,20,6,1.0,1.0,1.0,1.0,0.0,0.0,7.0,1.0
2023-01-31,Berkeley,SC,Passenger,0.0,1.0,1.0,113.0,114.0,0.88,2023,1,24277,20,7,1.0,1.0,1.0,1.0,0.0,0.0,8.0,1.0
2023-02-28,Berkeley,SC,Passenger,0.0,1.0,1.0,109.0,110.0,0.91,2023,2,24278,20,8,1.0,1.0,1.0,1.0,0.0,0.0,9.0,1.0000000000000002
2023-03-31,Berkeley,SC,Passenger,0.0,1.0,1.0,107.0,108.0,0.93,2023,3,24279,20,9,1.0,1.0,1.0,1.0,0.0,0.0,10.0,0.9999999999999996
2023-04-30,Berkeley,SC,Passenger,0.0,1.0,1.0,105.0,106.0,0.94,2023,4,24280,20,10,1.0,1.0,1.0,1.0,0.0,0.0,11.0,1.0
2023-05-31,Berkeley,SC,Passenger,0.0,1.0,1.0,101.0,102.0,0.98,2023,5,24281,20,11,1.0,1.0,1.0,1.0,0.0,0.0,12.0,0.9999999999999996
2023-06-30,Berkeley,SC,Passenger,0.0,1.0,1.0,100.0,101.0,0.99,2023,6,24282,20,12,1.0,1.0,1.0,1.0,0.0,0.0,13.0,1.0
2023-07-31,Berkeley,SC,Passenger,0.0,1.0,1.0,96.0,97.0,1.03,2023,7,24283,20,13,1.0,1.0,1.0,1.0,0.0,0.0,14.0,0.9999999999999992
2023-08-31,Berkeley,SC,Passenger,0.0,1.0,1.0,92.0,93.0,1.08,2023,8,24284,20,14,1.0,1.0,1.0,1.0,0.0,0.0,15.0,0.9999999999999996
2023-09-30,Berkeley,SC,Passenger,0.0,1.0,1.0,91.0,92.0,1.09,2023,9,24285,20,15,1.0,1.0,1.0,1.0,0.0,0.0,16.0,0.999999999999999
2023-10-31,Berkeley,SC,Passenger,1.0,1.0,2.0,89.0,91.0,2.2,2023,10,24286,20,16,1.0,1.0,1.0,1.0,1.0,1.0,18.0,1.1428571428571417
2023-11-30,Berkeley,SC,Passenger,1.0,1.0,2.0,85.0,87.0,2.3,2023,11,24287,20,17,2.0,1.0,1.0,1.3333333333333333,0.0,1.0,20.0,1.371428571428571
2023-12-31,Berkeley,SC,Passenger,1.0,1.0,2.0,83.0,85.0,2.35,2023,12,24288,20,18,2.0,2.0,1.0,1.6666666666666667,0.0,1.0,22.0,1.6285714285714266
2024-01-31,Berkeley,SC,Passenger,1.0,1.0,2.0,78.0,80.0,2.5,2024,1,24289,20,19,2.0,2.0,2.0,2.0,0.0,0.0,24.0,1.8571428571428557
2024-02-29,Berkeley,SC,Passenger,1.0,1.0,2.0,76.0,78.0,2.56,2024,2,24290,20,20,2.0,2.0,2.0,2.0,0.0,0.0,26.0,2.0
2019-08-31,Berkshire,MA,Passenger,0.0,1.0,1.0,4.0,5.0,6.9025,2019,8,24236,21,5,1.0,1.0,1.0,1.0,0.0,0.0,6.0,1.0000000000000002
2019-09-30,Berkshire,MA,Passenger,0.0,1.0,1.0,4.0,5.0,6.9025,2019,9,24237,21,6,1.0,1.0,1.0,1.0,0.0,0.0,7.0,1.0
2019-10-31,Berkshire,MA,Passenger,0.0,1.0,1.0,4.0,5.0,6.9025,2019,10,24238,21,7,1.0,1.0,1.0,1.0,0.0,0.0,8.0,1.0
2019-11-30,Berkshire,MA,Passenger,0.0,1.0,1.0,5.0,6.0,6.9025,2019,11,24239,21,8,1.0,1.0,1.0,1.0,0.0,0.0,9.0,1.0000000000000002
2019-12-31,Berkshire,MA,Passenger,0.0,1.0,1.0,5.0,6.0,6.9025,2019,12,24240,21,9,1.0,1.0,1.0,1.0,0.0,0.0,10.0,0.9999999999999996
2020-01-31,Berkshire,MA,Passenger,0.0,1.0,1.0,5.0,6.0,6.9025,2020,1,24241,21,10,1.0,1.0,1.0,1.0,0.0,0.0,11.0,1.0
